AccountID,CustomerID,AccountType,Balance,CreatedDate,Is_High_Value,Last_Transaction,Is_Inactive,Alert
6,735,Business,62579,2022-08-20,True,,True,Inactive Alert
8,3805,Checking,88990,2017-12-17,True,2024-07-28,True,Inactive Alert
9,2898,Business,93376,2021-03-07,True,2024-02-07,True,Inactive Alert
11,815,Savings,69518,2018-10-16,True,2023-02-24,True,Inactive Alert
15,2505,Savings,73011,2019-09-27,True,2024-06-03,True,Inactive Alert
19,4110,Business,51838,2015-06-20,True,2024-05-22,True,Inactive Alert
25,2133,Savings,77627,2016-09-14,True,2024-07-17,True,Inactive Alert
30,1815,Savings,52916,2024-05-18,True,2024-07-13,True,Inactive Alert
34,2428,Business,52910,2019-04-08,True,2024-04-27,True,Inactive Alert
36,3267,Savings,76623,2018-02-19,True,2024-04-07,True,Inactive Alert
37,1185,Savings,74153,2018-11-08,True,2022-07-01,True,Inactive Alert
46,3800,Business,82846,2019-03-11,True,2024-03-27,True,Inactive Alert
47,3463,Checking,93773,2017-04-19,True,2024-08-05,True,Inactive Alert
51,1719,Business,52535,2018-11-16,True,2023-03-09,True,Inactive Alert
57,3525,Savings,55261,2016-07-06,True,2023-09-03,True,Inactive Alert
77,3331,Checking,93285,2023-06-05,True,2024-08-24,True,Inactive Alert
87,4794,Business,63270,2016-10-25,True,2024-04-15,True,Inactive Alert
89,3402,Savings,71954,2021-01-22,True,2024-06-28,True,Inactive Alert
96,2659,Business,80519,2015-06-20,True,2024-10-17,True,Inactive Alert
98,4704,Checking,75840,2024-04-30,True,2024-09-26,True,Inactive Alert
99,133,Business,84298,2016-08-05,True,2024-09-11,True,Inactive Alert
100,3076,Savings,71555,2024-11-18,True,2023-05-14,True,Inactive Alert
103,1345,Checking,81091,2023-11-12,True,2024-08-21,True,Inactive Alert
104,1623,Checking,85494,2022-02-24,True,2024-10-22,True,Inactive Alert
108,3225,Business,73095,2024-01-29,True,2024-06-09,True,Inactive Alert
113,3113,Checking,68833,2023-10-02,True,2024-11-11,True,Inactive Alert
114,2845,Savings,63474,2019-01-13,True,2024-08-15,True,Inactive Alert
122,590,Savings,78716,2025-01-22,True,2024-06-26,True,Inactive Alert
125,2375,Business,55138,2024-10-30,True,2024-04-17,True,Inactive Alert
129,2828,Checking,88826,2023-12-03,True,2024-10-15,True,Inactive Alert
136,386,Business,61412,2016-02-15,True,2024-09-04,True,Inactive Alert
137,3696,Checking,64784,2016-01-29,True,2023-12-26,True,Inactive Alert
140,1552,Business,83569,2016-07-16,True,,True,Inactive Alert
151,4189,Checking,87933,2025-03-24,True,2024-10-29,True,Inactive Alert
156,4876,Business,89203,2019-07-24,True,2023-12-17,True,Inactive Alert
168,1636,Savings,94058,2018-05-23,True,2024-10-09,True,Inactive Alert
171,436,Checking,85790,2022-12-17,True,2024-04-24,True,Inactive Alert
178,3614,Business,69328,2024-04-13,True,2023-04-23,True,Inactive Alert
180,4090,Savings,66378,2020-02-18,True,2024-06-11,True,Inactive Alert
182,3970,Checking,55108,2016-04-24,True,2024-01-13,True,Inactive Alert
185,2217,Business,81620,2021-08-25,True,2024-11-20,True,Inactive Alert
187,2137,Savings,70978,2022-06-12,True,2023-09-26,True,Inactive Alert
201,445,Savings,82330,2021-03-27,True,2024-10-21,True,Inactive Alert
204,2075,Business,93200,2017-08-09,True,,True,Inactive Alert
205,4592,Business,66491,2022-06-04,True,2023-07-02,True,Inactive Alert
207,3495,Savings,76287,2023-02-02,True,2024-07-21,True,Inactive Alert
208,2900,Savings,66526,2023-03-18,True,2024-07-25,True,Inactive Alert
217,3789,Checking,56891,2018-07-27,True,2024-05-27,True,Inactive Alert
218,4298,Business,85124,2023-01-07,True,2023-09-23,True,Inactive Alert
224,3758,Checking,82722,2020-06-27,True,2023-08-01,True,Inactive Alert
227,2327,Business,63666,2021-12-13,True,,True,Inactive Alert
228,446,Savings,58035,2023-02-04,True,2024-11-08,True,Inactive Alert
238,2359,Business,57744,2022-08-01,True,2024-08-16,True,Inactive Alert
239,2448,Checking,56914,2017-03-24,True,2023-04-12,True,Inactive Alert
242,438,Checking,66907,2025-01-13,True,2024-11-11,True,Inactive Alert
243,3621,Business,54705,2024-04-28,True,2023-01-30,True,Inactive Alert
255,1775,Savings,77324,2019-05-05,True,2024-02-07,True,Inactive Alert
260,2326,Checking,96023,2021-10-08,True,2023-07-28,True,Inactive Alert
261,1752,Savings,57967,2022-03-04,True,2024-05-18,True,Inactive Alert
263,219,Checking,88508,2024-03-20,True,2024-11-14,True,Inactive Alert
265,1612,Checking,75467,2016-09-23,True,,True,Inactive Alert
266,3325,Business,87267,2023-08-07,True,2024-05-09,True,Inactive Alert
267,3635,Checking,79713,2016-03-28,True,2024-09-01,True,Inactive Alert
270,4717,Checking,65081,2019-03-20,True,2024-11-01,True,Inactive Alert
271,1548,Savings,61069,2019-10-27,True,2024-07-16,True,Inactive Alert
275,360,Business,80094,2020-10-10,True,2023-09-04,True,Inactive Alert
278,4727,Checking,87424,2021-09-01,True,2024-09-22,True,Inactive Alert
279,3362,Savings,58771,2019-04-25,True,2024-11-18,True,Inactive Alert
280,4622,Savings,91116,2020-12-09,True,2023-11-11,True,Inactive Alert
281,470,Business,55866,2021-11-03,True,2022-11-20,True,Inactive Alert
284,3797,Savings,88847,2019-05-25,True,2023-05-03,True,Inactive Alert
286,4920,Savings,95160,2018-07-16,True,2024-06-29,True,Inactive Alert
291,680,Savings,71464,2017-04-07,True,2024-09-22,True,Inactive Alert
292,313,Business,74454,2016-07-09,True,2023-01-26,True,Inactive Alert
293,4661,Checking,53021,2024-01-05,True,2024-02-28,True,Inactive Alert
294,4548,Business,83017,2015-12-13,True,2024-08-20,True,Inactive Alert
301,2462,Checking,86990,2022-03-29,True,2024-06-10,True,Inactive Alert
303,4814,Savings,72551,2018-03-15,True,2024-09-29,True,Inactive Alert
308,2150,Checking,62123,2024-03-06,True,,True,Inactive Alert
310,647,Checking,50943,2019-03-30,True,2024-07-29,True,Inactive Alert
315,1618,Savings,66416,2020-12-20,True,2024-06-07,True,Inactive Alert
318,691,Savings,78431,2018-04-21,True,2024-10-24,True,Inactive Alert
323,3126,Business,70235,2017-06-06,True,2023-06-18,True,Inactive Alert
332,3618,Checking,86191,2020-09-22,True,2024-10-04,True,Inactive Alert
334,2248,Savings,86279,2024-05-24,True,2023-01-25,True,Inactive Alert
338,4739,Business,75761,2025-03-16,True,2024-02-25,True,Inactive Alert
344,561,Savings,94455,2017-09-13,True,2024-06-04,True,Inactive Alert
362,3021,Savings,57282,2021-04-16,True,2024-09-08,True,Inactive Alert
363,2579,Business,71728,2023-01-05,True,2024-06-24,True,Inactive Alert
371,1539,Checking,99184,2018-05-13,True,2023-12-06,True,Inactive Alert
372,4510,Business,53274,2017-03-14,True,2024-05-20,True,Inactive Alert
374,1058,Checking,80237,2016-06-03,True,2024-11-17,True,Inactive Alert
375,4123,Checking,86233,2016-06-18,True,2024-01-30,True,Inactive Alert
378,3064,Savings,95095,2021-10-03,True,2024-04-10,True,Inactive Alert
379,4598,Checking,92557,2020-03-28,True,2024-06-14,True,Inactive Alert
382,2060,Savings,89810,2021-11-04,True,2024-06-06,True,Inactive Alert
386,4556,Savings,60834,2023-12-29,True,2024-10-26,True,Inactive Alert
392,4167,Business,81661,2019-06-18,True,2024-06-29,True,Inactive Alert
398,134,Checking,82042,2019-08-31,True,2023-05-03,True,Inactive Alert
402,3700,Business,98563,2015-11-30,True,2024-09-22,True,Inactive Alert
403,4725,Business,76853,2023-07-10,True,2024-02-11,True,Inactive Alert
404,4895,Checking,84768,2017-05-07,True,2024-03-26,True,Inactive Alert
407,1764,Checking,87169,2023-10-04,True,2023-07-04,True,Inactive Alert
411,4546,Savings,91125,2025-03-23,True,2023-09-20,True,Inactive Alert
413,4248,Checking,60721,2024-04-06,True,2023-12-09,True,Inactive Alert
414,2903,Savings,76266,2015-07-08,True,2024-10-04,True,Inactive Alert
416,112,Business,96150,2020-05-07,True,2022-08-20,True,Inactive Alert
420,1174,Checking,97279,2017-12-10,True,2024-07-11,True,Inactive Alert
421,88,Savings,98325,2023-12-03,True,2024-06-09,True,Inactive Alert
426,1487,Savings,79814,2018-03-10,True,2023-09-25,True,Inactive Alert
431,4638,Business,87991,2023-05-23,True,2024-09-29,True,Inactive Alert
433,1291,Checking,94532,2021-06-21,True,,True,Inactive Alert
435,4713,Savings,86315,2017-12-25,True,2024-06-04,True,Inactive Alert
438,2164,Business,58039,2016-07-04,True,2024-01-24,True,Inactive Alert
445,906,Business,75557,2022-05-12,True,2024-06-29,True,Inactive Alert
446,1221,Savings,76605,2021-01-03,True,2024-11-22,True,Inactive Alert
449,3717,Checking,68235,2024-10-11,True,2024-09-01,True,Inactive Alert
450,1651,Business,65039,2021-01-02,True,2024-06-08,True,Inactive Alert
451,3718,Business,51568,2015-12-01,True,2023-10-26,True,Inactive Alert
453,3101,Savings,97629,2018-10-12,True,2023-04-04,True,Inactive Alert
460,1291,Checking,51316,2018-12-14,True,2024-05-14,True,Inactive Alert
468,964,Checking,52290,2021-05-12,True,2023-12-11,True,Inactive Alert
472,4563,Savings,69817,2021-02-09,True,2024-09-26,True,Inactive Alert
473,373,Checking,59991,2025-03-03,True,2024-09-17,True,Inactive Alert
476,690,Savings,84034,2022-06-25,True,2024-07-19,True,Inactive Alert
478,1566,Checking,79894,2018-01-27,True,2024-06-06,True,Inactive Alert
480,3482,Checking,60335,2016-10-03,True,2024-11-21,True,Inactive Alert
486,4982,Business,54145,2024-06-16,True,2022-08-03,True,Inactive Alert
491,4532,Business,70168,2023-05-02,True,2023-07-25,True,Inactive Alert
493,4191,Savings,59456,2022-10-22,True,2024-01-16,True,Inactive Alert
496,4467,Checking,79078,2024-01-22,True,2024-03-20,True,Inactive Alert
499,2526,Business,93197,2020-07-28,True,2024-02-09,True,Inactive Alert
502,652,Business,69781,2025-04-08,True,2024-05-31,True,Inactive Alert
503,2608,Checking,60031,2017-09-23,True,2024-07-27,True,Inactive Alert
511,2509,Business,92388,2016-12-06,True,2023-12-17,True,Inactive Alert
512,4589,Checking,77687,2021-03-01,True,2024-07-09,True,Inactive Alert
516,2091,Savings,71961,2015-12-21,True,2022-06-08,True,Inactive Alert
517,1040,Checking,76056,2020-05-05,True,2024-11-21,True,Inactive Alert
521,688,Checking,72299,2021-01-15,True,2024-10-20,True,Inactive Alert
528,3531,Business,59190,2022-06-11,True,2024-10-17,True,Inactive Alert
530,2893,Savings,80993,2019-10-03,True,2024-10-19,True,Inactive Alert
533,2173,Business,72636,2025-04-18,True,2024-10-30,True,Inactive Alert
540,4179,Checking,90023,2018-06-07,True,2024-09-24,True,Inactive Alert
542,3745,Savings,88660,2016-12-05,True,2024-07-14,True,Inactive Alert
544,4113,Business,82447,2024-05-22,True,2023-09-24,True,Inactive Alert
545,2441,Savings,94859,2024-01-30,True,2024-10-26,True,Inactive Alert
551,1018,Savings,71113,2016-10-31,True,2022-12-22,True,Inactive Alert
552,843,Savings,82847,2017-06-28,True,2023-11-09,True,Inactive Alert
553,4446,Business,72434,2016-12-15,True,2022-10-28,True,Inactive Alert
555,1603,Business,91287,2025-04-04,True,2024-09-06,True,Inactive Alert
563,4023,Business,66409,2015-12-25,True,2022-12-31,True,Inactive Alert
564,2034,Savings,85205,2016-10-09,True,2024-09-12,True,Inactive Alert
568,2801,Checking,72523,2024-12-11,True,2023-08-20,True,Inactive Alert
569,2773,Checking,77062,2015-12-06,True,2023-08-14,True,Inactive Alert
570,4670,Savings,66412,2021-11-16,True,2024-07-28,True,Inactive Alert
575,3941,Savings,59477,2020-02-06,True,2024-01-01,True,Inactive Alert
576,3615,Checking,86057,2022-05-04,True,,True,Inactive Alert
578,1472,Savings,80654,2020-01-09,True,,True,Inactive Alert
581,4099,Checking,75534,2019-01-19,True,2023-12-08,True,Inactive Alert
585,173,Checking,68328,2023-02-02,True,2024-02-06,True,Inactive Alert
586,3517,Checking,98697,2019-10-29,True,2023-08-25,True,Inactive Alert
592,3821,Checking,84553,2022-01-09,True,2024-10-13,True,Inactive Alert
594,2931,Checking,73915,2021-08-21,True,2024-06-01,True,Inactive Alert
606,2897,Business,99473,2024-05-22,True,2024-06-30,True,Inactive Alert
609,1692,Checking,54280,2017-03-04,True,2023-08-02,True,Inactive Alert
614,1386,Checking,73390,2019-04-04,True,2024-08-05,True,Inactive Alert
615,1853,Savings,77672,2019-04-05,True,2024-11-14,True,Inactive Alert
616,2804,Checking,68530,2016-02-22,True,2022-06-19,True,Inactive Alert
620,285,Savings,68440,2021-11-23,True,2024-10-17,True,Inactive Alert
626,3531,Business,64448,2021-10-29,True,2024-04-28,True,Inactive Alert
630,1759,Savings,87224,2023-06-16,True,2024-08-03,True,Inactive Alert
632,562,Savings,70074,2023-12-30,True,2023-09-25,True,Inactive Alert
634,2198,Business,79685,2023-12-12,True,2023-10-02,True,Inactive Alert
644,373,Business,81729,2023-08-13,True,2024-11-19,True,Inactive Alert
646,3678,Business,57615,2020-09-27,True,2023-11-29,True,Inactive Alert
649,620,Business,96333,2022-11-06,True,2023-12-01,True,Inactive Alert
664,1612,Savings,79103,2023-06-14,True,2024-08-01,True,Inactive Alert
667,4030,Business,81388,2015-12-13,True,2024-08-31,True,Inactive Alert
668,3170,Checking,95196,2019-12-26,True,2023-06-17,True,Inactive Alert
672,28,Business,81882,2015-09-11,True,2024-07-10,True,Inactive Alert
673,3253,Checking,57323,2016-01-29,True,2024-07-28,True,Inactive Alert
679,2247,Business,86988,2024-11-25,True,2023-06-17,True,Inactive Alert
681,4324,Business,78306,2017-08-05,True,2024-05-06,True,Inactive Alert
682,283,Business,71083,2019-10-30,True,2024-10-06,True,Inactive Alert
683,580,Checking,83731,2023-06-07,True,2024-06-14,True,Inactive Alert
685,3517,Business,51127,2017-08-13,True,2024-02-15,True,Inactive Alert
686,2449,Checking,94990,2022-02-06,True,2024-09-21,True,Inactive Alert
688,2080,Business,52350,2024-12-14,True,2023-08-30,True,Inactive Alert
689,4208,Checking,70356,2023-01-23,True,2024-11-20,True,Inactive Alert
693,1446,Business,57813,2019-12-14,True,2024-02-09,True,Inactive Alert
694,4285,Business,90775,2021-08-17,True,2024-06-25,True,Inactive Alert
699,4045,Savings,95020,2016-07-16,True,2024-03-25,True,Inactive Alert
707,294,Business,70775,2020-08-13,True,2024-10-09,True,Inactive Alert
713,4619,Business,78022,2017-11-03,True,2023-03-24,True,Inactive Alert
721,4253,Savings,73050,2016-04-20,True,2024-08-05,True,Inactive Alert
724,4666,Business,71124,2024-03-29,True,2024-08-14,True,Inactive Alert
727,2447,Checking,67272,2025-04-14,True,2024-08-14,True,Inactive Alert
728,140,Checking,54724,2023-12-26,True,2024-08-03,True,Inactive Alert
730,866,Savings,94202,2019-01-02,True,2024-06-09,True,Inactive Alert
731,4923,Business,88251,2022-02-16,True,2024-01-09,True,Inactive Alert
732,1561,Checking,58115,2023-05-18,True,2024-09-28,True,Inactive Alert
737,2628,Savings,61182,2015-05-16,True,2023-11-04,True,Inactive Alert
740,4735,Checking,88625,2023-07-13,True,2024-10-22,True,Inactive Alert
748,4675,Checking,86862,2024-12-07,True,2023-09-18,True,Inactive Alert
750,2243,Business,88011,2016-07-29,True,2024-02-07,True,Inactive Alert
751,4798,Business,57075,2017-04-29,True,2023-08-02,True,Inactive Alert
754,1442,Business,75146,2023-12-24,True,2024-08-09,True,Inactive Alert
755,3171,Checking,55905,2025-03-30,True,2024-09-13,True,Inactive Alert
756,61,Business,70936,2020-03-23,True,2023-09-18,True,Inactive Alert
764,3726,Savings,83445,2025-01-17,True,2023-12-05,True,Inactive Alert
765,352,Business,54188,2024-08-13,True,2023-08-08,True,Inactive Alert
767,858,Business,79601,2024-05-25,True,2024-11-19,True,Inactive Alert
771,1095,Business,52870,2018-12-24,True,2024-08-29,True,Inactive Alert
779,2429,Checking,62908,2023-03-01,True,2024-11-22,True,Inactive Alert
782,4982,Checking,97998,2017-10-14,True,2024-11-07,True,Inactive Alert
786,1571,Business,78249,2022-06-07,True,2024-09-19,True,Inactive Alert
788,1335,Business,73160,2018-01-07,True,2024-11-18,True,Inactive Alert
792,4663,Business,67165,2022-04-02,True,2023-03-06,True,Inactive Alert
794,22,Business,96932,2022-04-07,True,2024-06-07,True,Inactive Alert
798,4747,Business,82939,2023-08-14,True,2024-09-07,True,Inactive Alert
803,4657,Business,98412,2021-07-24,True,2024-08-22,True,Inactive Alert
805,1955,Checking,88350,2024-05-05,True,2024-04-12,True,Inactive Alert
812,3327,Business,70422,2022-08-08,True,2024-03-29,True,Inactive Alert
813,2600,Savings,89588,2020-01-16,True,2024-03-04,True,Inactive Alert
819,1822,Savings,91976,2020-07-16,True,2022-10-12,True,Inactive Alert
825,550,Checking,80974,2015-10-22,True,2023-07-11,True,Inactive Alert
828,599,Savings,65404,2022-04-23,True,2024-10-28,True,Inactive Alert
832,1982,Business,84611,2023-02-12,True,2024-10-20,True,Inactive Alert
834,2425,Business,58213,2019-05-21,True,2024-07-14,True,Inactive Alert
835,3366,Business,72214,2022-10-20,True,2022-05-12,True,Inactive Alert
836,3902,Checking,76222,2019-06-20,True,2024-10-15,True,Inactive Alert
838,2573,Checking,86580,2019-09-03,True,2023-11-25,True,Inactive Alert
840,2451,Checking,96074,2020-08-15,True,2024-09-08,True,Inactive Alert
845,2283,Checking,96560,2016-12-09,True,2024-10-07,True,Inactive Alert
853,2171,Business,84465,2017-01-03,True,2024-03-26,True,Inactive Alert
854,3442,Checking,71772,2017-01-02,True,2023-09-21,True,Inactive Alert
856,408,Business,73328,2018-04-04,True,2023-04-07,True,Inactive Alert
857,3820,Checking,65976,2015-11-10,True,2023-02-05,True,Inactive Alert
861,3991,Business,61867,2025-01-09,True,2022-10-09,True,Inactive Alert
863,1688,Checking,90200,2017-12-19,True,2024-11-20,True,Inactive Alert
865,3580,Business,86941,2020-07-27,True,2024-05-26,True,Inactive Alert
866,1542,Checking,84795,2022-02-07,True,2024-09-14,True,Inactive Alert
873,2515,Savings,97602,2025-04-24,True,2024-06-03,True,Inactive Alert
881,1788,Checking,54998,2018-09-28,True,2024-11-02,True,Inactive Alert
886,4238,Savings,72970,2023-03-29,True,2024-09-15,True,Inactive Alert
890,3867,Savings,66785,2023-01-31,True,2024-03-08,True,Inactive Alert
902,877,Checking,89805,2016-06-21,True,2024-10-30,True,Inactive Alert
904,3723,Savings,92040,2015-12-15,True,2024-08-24,True,Inactive Alert
905,2466,Checking,91662,2018-01-28,True,2023-02-28,True,Inactive Alert
908,2917,Savings,98934,2017-03-30,True,2023-11-24,True,Inactive Alert
909,4987,Business,79742,2018-03-04,True,2024-07-08,True,Inactive Alert
911,4319,Business,55568,2016-01-08,True,,True,Inactive Alert
913,2700,Checking,80344,2019-01-03,True,2024-06-03,True,Inactive Alert
916,3646,Business,63754,2021-03-05,True,2024-07-04,True,Inactive Alert
922,2089,Savings,58176,2025-02-27,True,2024-09-17,True,Inactive Alert
923,3796,Business,98361,2019-01-31,True,2024-11-10,True,Inactive Alert
926,1051,Savings,85825,2022-02-27,True,2022-11-18,True,Inactive Alert
928,1603,Savings,77485,2017-08-28,True,2024-04-10,True,Inactive Alert
932,577,Checking,58377,2022-04-11,True,2023-11-19,True,Inactive Alert
936,3679,Business,64419,2020-03-23,True,2024-03-03,True,Inactive Alert
940,2809,Business,95548,2024-11-05,True,2024-01-27,True,Inactive Alert
942,3317,Savings,70231,2022-12-22,True,2024-05-07,True,Inactive Alert
944,1769,Business,68728,2019-11-21,True,2024-07-08,True,Inactive Alert
949,1812,Checking,64415,2018-07-15,True,2024-10-11,True,Inactive Alert
954,8,Savings,78420,2024-09-07,True,2023-10-26,True,Inactive Alert
956,4578,Business,61723,2016-08-11,True,2024-06-16,True,Inactive Alert
957,4325,Savings,60334,2017-06-22,True,2023-10-27,True,Inactive Alert
961,3724,Business,79984,2016-01-15,True,2024-07-23,True,Inactive Alert
964,135,Business,79375,2024-11-21,True,2024-07-31,True,Inactive Alert
968,100,Business,56971,2016-02-01,True,2024-09-18,True,Inactive Alert
971,126,Checking,82884,2023-07-24,True,2023-05-23,True,Inactive Alert
976,979,Savings,83090,2019-10-30,True,2024-07-01,True,Inactive Alert
978,1203,Business,70256,2023-08-27,True,2023-12-06,True,Inactive Alert
987,2385,Business,94353,2023-01-03,True,2024-06-04,True,Inactive Alert
989,819,Business,83998,2022-08-24,True,2023-01-05,True,Inactive Alert
990,840,Business,54795,2019-10-26,True,2023-03-26,True,Inactive Alert
992,3653,Business,51040,2017-04-30,True,2024-08-29,True,Inactive Alert
995,4565,Savings,99714,2017-08-15,True,2024-09-23,True,Inactive Alert
996,1860,Business,56853,2015-10-02,True,2024-11-08,True,Inactive Alert
998,3007,Checking,84188,2019-06-24,True,2023-12-05,True,Inactive Alert
1001,2232,Checking,66476,2025-03-03,True,2024-01-21,True,Inactive Alert
1003,1152,Business,73365,2017-12-07,True,2023-05-20,True,Inactive Alert
1005,2918,Checking,84852,2021-07-28,True,2022-08-28,True,Inactive Alert
1016,4930,Checking,58758,2021-11-20,True,2024-11-08,True,Inactive Alert
1017,3860,Checking,85175,2021-04-08,True,2023-10-10,True,Inactive Alert
1023,596,Business,97881,2025-02-08,True,2023-05-26,True,Inactive Alert
1028,3206,Savings,83017,2021-11-14,True,2024-04-12,True,Inactive Alert
1029,4171,Savings,53208,2025-01-23,True,2024-02-09,True,Inactive Alert
1030,3047,Business,61839,2022-02-16,True,2024-09-06,True,Inactive Alert
1036,2141,Savings,95340,2018-08-28,True,2023-11-30,True,Inactive Alert
1038,4931,Business,69195,2025-02-21,True,2024-03-20,True,Inactive Alert
1039,263,Checking,77297,2022-08-16,True,2024-11-04,True,Inactive Alert
1042,1624,Checking,67938,2025-03-24,True,2023-10-25,True,Inactive Alert
1049,928,Checking,65216,2018-12-22,True,2023-02-25,True,Inactive Alert
1050,4970,Business,98341,2019-09-18,True,2023-10-04,True,Inactive Alert
1060,1182,Checking,75721,2016-02-20,True,2024-05-23,True,Inactive Alert
1061,708,Savings,54137,2016-05-16,True,2024-08-10,True,Inactive Alert
1065,323,Checking,63488,2016-08-31,True,2024-04-16,True,Inactive Alert
1067,4818,Business,69974,2024-02-10,True,2024-11-19,True,Inactive Alert
1069,1312,Business,74967,2024-06-12,True,2024-02-11,True,Inactive Alert
1070,2960,Savings,72277,2020-12-12,True,2023-10-25,True,Inactive Alert
1071,877,Business,82367,2025-03-25,True,2024-08-09,True,Inactive Alert
1074,643,Business,52147,2023-01-17,True,2023-09-13,True,Inactive Alert
1076,4063,Business,84939,2016-01-11,True,2023-12-13,True,Inactive Alert
1078,132,Savings,59234,2017-09-02,True,2024-11-21,True,Inactive Alert
1079,1039,Savings,78994,2024-11-02,True,2024-01-11,True,Inactive Alert
1080,4244,Business,94770,2019-10-02,True,2024-09-20,True,Inactive Alert
1083,3221,Business,81397,2020-05-14,True,2023-03-03,True,Inactive Alert
1089,1248,Business,56318,2017-01-13,True,2023-03-06,True,Inactive Alert
1091,1880,Savings,62325,2023-10-15,True,2024-10-25,True,Inactive Alert
1097,50,Checking,77916,2017-07-18,True,2024-02-15,True,Inactive Alert
1104,1480,Savings,50710,2023-01-22,True,2024-02-01,True,Inactive Alert
1108,1930,Business,59481,2018-06-30,True,2024-10-29,True,Inactive Alert
1114,741,Business,92743,2024-02-24,True,2024-05-25,True,Inactive Alert
1127,4084,Savings,99423,2021-03-11,True,2024-02-17,True,Inactive Alert
1128,2987,Savings,60249,2022-10-07,True,2023-10-08,True,Inactive Alert
1137,2917,Savings,71505,2022-06-26,True,2023-08-25,True,Inactive Alert
1138,2576,Business,82335,2023-03-13,True,2024-08-28,True,Inactive Alert
1146,784,Checking,53940,2018-04-14,True,2024-11-02,True,Inactive Alert
1151,3738,Business,88784,2018-08-13,True,2024-10-20,True,Inactive Alert
1155,3531,Checking,79910,2016-08-08,True,2024-07-11,True,Inactive Alert
1158,2778,Savings,96528,2018-12-07,True,2024-10-28,True,Inactive Alert
1159,4144,Checking,99746,2021-05-23,True,2023-12-27,True,Inactive Alert
1161,2081,Business,99018,2019-12-08,True,2022-09-20,True,Inactive Alert
1167,2490,Checking,87192,2016-02-20,True,2024-09-19,True,Inactive Alert
1170,2245,Business,83231,2015-05-13,True,2024-06-13,True,Inactive Alert
1171,3499,Savings,73552,2017-02-02,True,2022-08-24,True,Inactive Alert
1174,1289,Business,91464,2017-07-01,True,2023-11-25,True,Inactive Alert
1176,4341,Checking,74006,2016-10-25,True,,True,Inactive Alert
1180,3276,Business,79010,2025-02-20,True,2024-09-21,True,Inactive Alert
1182,3398,Checking,73877,2017-12-11,True,2024-02-22,True,Inactive Alert
1183,2281,Checking,85403,2015-07-14,True,2023-07-06,True,Inactive Alert
1184,3236,Checking,98087,2024-04-29,True,2022-05-21,True,Inactive Alert
1185,4752,Business,69609,2016-04-16,True,,True,Inactive Alert
1188,2357,Business,82910,2017-09-19,True,2024-07-20,True,Inactive Alert
1192,4305,Business,78660,2019-06-24,True,2024-08-28,True,Inactive Alert
1197,863,Checking,57985,2017-06-13,True,2024-05-16,True,Inactive Alert
1198,4963,Checking,90840,2022-03-02,True,,True,Inactive Alert
1201,305,Checking,68236,2024-11-26,True,2024-02-28,True,Inactive Alert
1206,4558,Business,82931,2021-01-26,True,2024-09-24,True,Inactive Alert
1207,3878,Savings,84174,2019-01-15,True,,True,Inactive Alert
1214,3065,Business,99453,2016-10-02,True,2023-10-26,True,Inactive Alert
1218,591,Savings,62489,2017-09-11,True,2024-10-26,True,Inactive Alert
1220,1773,Savings,61832,2019-02-07,True,2024-02-18,True,Inactive Alert
1233,2887,Checking,71273,2018-03-02,True,2024-09-09,True,Inactive Alert
1234,4502,Savings,90573,2016-10-13,True,2023-10-17,True,Inactive Alert
1246,3762,Checking,92657,2015-10-14,True,2023-09-04,True,Inactive Alert
1247,4913,Savings,96434,2022-04-30,True,2024-10-07,True,Inactive Alert
1257,1099,Savings,77539,2015-09-30,True,2023-05-18,True,Inactive Alert
1267,2833,Business,83264,2021-05-06,True,2023-09-28,True,Inactive Alert
1269,4111,Savings,80976,2021-03-20,True,2024-10-09,True,Inactive Alert
1272,966,Business,55964,2018-02-24,True,2023-06-03,True,Inactive Alert
1273,1962,Savings,79072,2023-12-05,True,2024-07-31,True,Inactive Alert
1275,3299,Business,96432,2023-06-05,True,2024-02-09,True,Inactive Alert
1279,657,Business,88135,2016-06-30,True,2023-11-05,True,Inactive Alert
1282,217,Checking,84563,2023-12-30,True,2024-07-06,True,Inactive Alert
1283,2023,Checking,62295,2016-11-05,True,2024-10-24,True,Inactive Alert
1285,77,Savings,95555,2017-04-05,True,2024-08-08,True,Inactive Alert
1286,3993,Checking,72058,2020-07-17,True,2024-09-26,True,Inactive Alert
1287,343,Business,78989,2017-11-23,True,2024-04-04,True,Inactive Alert
1292,106,Checking,65632,2018-11-28,True,2024-08-27,True,Inactive Alert
1295,3272,Business,59765,2015-07-19,True,2023-06-24,True,Inactive Alert
1297,4136,Savings,87457,2023-02-13,True,2024-04-06,True,Inactive Alert
1299,2677,Checking,67863,2025-04-15,True,2024-06-18,True,Inactive Alert
1304,2997,Checking,97889,2020-11-17,True,2024-11-10,True,Inactive Alert
1314,4996,Business,76805,2019-03-12,True,2024-10-26,True,Inactive Alert
1316,932,Savings,86016,2017-07-24,True,2024-04-05,True,Inactive Alert
1317,4475,Checking,90341,2017-12-30,True,2024-01-08,True,Inactive Alert
1320,2648,Business,86892,2021-11-27,True,2024-11-07,True,Inactive Alert
1326,661,Checking,53308,2024-11-20,True,2023-02-12,True,Inactive Alert
1330,4511,Savings,71196,2016-06-05,True,,True,Inactive Alert
1331,519,Savings,62624,2021-01-21,True,2024-05-22,True,Inactive Alert
1337,3980,Checking,63983,2016-06-13,True,2023-12-26,True,Inactive Alert
1338,4086,Savings,91652,2018-03-23,True,2024-04-21,True,Inactive Alert
1342,4795,Savings,58586,2015-07-03,True,,True,Inactive Alert
1345,1755,Savings,67101,2017-05-30,True,2022-11-21,True,Inactive Alert
1346,504,Checking,55481,2025-02-10,True,2023-08-16,True,Inactive Alert
1347,3768,Business,99834,2025-04-14,True,,True,Inactive Alert
1350,1070,Checking,61149,2024-10-04,True,2024-03-17,True,Inactive Alert
1353,4611,Business,91556,2016-09-28,True,2024-07-30,True,Inactive Alert
1357,3905,Business,97168,2019-09-29,True,2023-12-15,True,Inactive Alert
1359,3452,Business,57929,2018-06-12,True,2024-07-27,True,Inactive Alert
1363,1780,Business,62963,2015-10-02,True,2024-10-31,True,Inactive Alert
1367,4324,Business,83666,2018-09-18,True,2023-05-28,True,Inactive Alert
1370,2538,Business,61881,2016-12-26,True,2024-11-15,True,Inactive Alert
1377,786,Savings,77977,2021-05-06,True,2024-05-11,True,Inactive Alert
1379,829,Checking,62441,2023-12-17,True,2024-08-10,True,Inactive Alert
1380,1286,Business,66863,2023-08-20,True,2024-05-26,True,Inactive Alert
1381,887,Savings,76434,2019-10-27,True,2024-07-31,True,Inactive Alert
1385,3780,Business,97365,2024-10-06,True,2024-03-29,True,Inactive Alert
1394,896,Business,80964,2020-09-28,True,2024-01-02,True,Inactive Alert
1409,602,Checking,85794,2016-05-20,True,2024-10-31,True,Inactive Alert
1430,1377,Checking,91177,2024-09-28,True,2023-08-11,True,Inactive Alert
1431,1503,Savings,77255,2022-02-22,True,2024-11-14,True,Inactive Alert
1434,3546,Savings,93632,2015-12-25,True,2024-10-17,True,Inactive Alert
1436,4361,Business,71753,2022-04-16,True,2024-05-17,True,Inactive Alert
1437,2110,Savings,84439,2020-12-10,True,2023-09-21,True,Inactive Alert
1441,4980,Checking,62514,2020-07-29,True,2024-07-18,True,Inactive Alert
1448,3595,Business,75527,2020-05-17,True,2024-11-05,True,Inactive Alert
1452,2858,Savings,54438,2021-03-15,True,2024-06-27,True,Inactive Alert
1454,3734,Checking,95069,2023-09-27,True,2023-08-19,True,Inactive Alert
1455,429,Business,81627,2024-01-15,True,2022-06-30,True,Inactive Alert
1459,1855,Savings,71478,2017-06-14,True,,True,Inactive Alert
1461,4553,Savings,67905,2015-10-27,True,2024-04-14,True,Inactive Alert
1465,4451,Savings,54776,2017-05-05,True,2024-03-20,True,Inactive Alert
1469,2620,Business,84974,2019-05-10,True,2023-04-15,True,Inactive Alert
1470,1516,Business,93213,2017-05-14,True,2024-07-17,True,Inactive Alert
1477,3970,Business,74797,2022-07-15,True,2024-09-01,True,Inactive Alert
1478,4140,Savings,89970,2018-03-31,True,2024-07-17,True,Inactive Alert
1479,4038,Business,64054,2019-03-02,True,2024-11-17,True,Inactive Alert
1480,4366,Business,54196,2018-08-19,True,2024-07-07,True,Inactive Alert
1484,4370,Savings,58050,2019-06-15,True,2024-04-21,True,Inactive Alert
1486,4994,Checking,62232,2021-09-05,True,2024-08-08,True,Inactive Alert
1497,1519,Business,52670,2020-11-22,True,2023-08-09,True,Inactive Alert
1500,1303,Business,67649,2018-02-11,True,2023-03-04,True,Inactive Alert
1503,617,Savings,58324,2023-04-11,True,2024-04-21,True,Inactive Alert
1506,560,Business,55971,2017-06-30,True,,True,Inactive Alert
1510,2773,Business,94744,2017-08-01,True,2024-10-07,True,Inactive Alert
1514,1228,Savings,54011,2020-10-31,True,2023-10-04,True,Inactive Alert
1515,3353,Savings,88911,2019-01-03,True,2023-03-14,True,Inactive Alert
1516,3846,Business,74248,2022-03-21,True,2023-07-14,True,Inactive Alert
1521,3588,Business,96781,2024-03-28,True,2024-04-10,True,Inactive Alert
1524,4825,Business,70653,2018-03-27,True,2024-09-28,True,Inactive Alert
1527,953,Checking,61872,2021-07-29,True,2024-10-20,True,Inactive Alert
1529,684,Checking,88559,2020-07-30,True,2024-08-21,True,Inactive Alert
1530,14,Business,80908,2016-01-30,True,2024-08-17,True,Inactive Alert
1532,3998,Checking,96401,2017-12-29,True,2024-08-03,True,Inactive Alert
1535,2938,Business,65227,2023-12-07,True,2024-07-07,True,Inactive Alert
1544,619,Savings,58997,2018-04-07,True,2024-08-02,True,Inactive Alert
1546,740,Checking,82852,2016-06-01,True,2024-11-03,True,Inactive Alert
1549,458,Business,82796,2023-09-04,True,2024-07-21,True,Inactive Alert
1557,1893,Business,98290,2016-04-18,True,2024-04-08,True,Inactive Alert
1560,809,Checking,76684,2023-07-11,True,2024-09-15,True,Inactive Alert
1566,69,Savings,76465,2018-10-12,True,2023-10-19,True,Inactive Alert
1568,1984,Business,96603,2024-12-01,True,2022-09-04,True,Inactive Alert
1569,4109,Savings,57454,2022-03-16,True,2024-07-04,True,Inactive Alert
1570,40,Checking,78656,2015-09-30,True,2024-09-05,True,Inactive Alert
1574,3242,Business,83215,2018-11-21,True,2024-05-17,True,Inactive Alert
1576,1252,Business,58711,2015-09-02,True,2024-07-28,True,Inactive Alert
1580,426,Business,90797,2024-06-06,True,2024-01-25,True,Inactive Alert
1584,3611,Checking,50265,2022-05-11,True,2024-09-17,True,Inactive Alert
1590,1026,Checking,64721,2025-02-15,True,2022-11-02,True,Inactive Alert
1593,3695,Checking,97786,2024-09-22,True,2023-09-19,True,Inactive Alert
1594,2900,Checking,74344,2018-07-12,True,,True,Inactive Alert
1595,1516,Business,66993,2023-04-20,True,2024-11-05,True,Inactive Alert
1601,2407,Checking,85193,2020-07-21,True,2023-10-24,True,Inactive Alert
1609,4089,Checking,91061,2020-07-19,True,2024-04-25,True,Inactive Alert
1610,1153,Checking,94121,2023-03-18,True,2024-10-13,True,Inactive Alert
1614,876,Savings,55058,2022-04-08,True,2023-03-14,True,Inactive Alert
1625,4112,Savings,59332,2017-05-07,True,2024-05-29,True,Inactive Alert
1628,2446,Checking,58585,2019-02-18,True,2024-08-28,True,Inactive Alert
1630,2197,Checking,60522,2023-07-21,True,2024-07-13,True,Inactive Alert
1635,3237,Checking,87909,2024-02-02,True,2024-05-22,True,Inactive Alert
1643,744,Savings,98232,2024-11-15,True,2024-10-10,True,Inactive Alert
1648,1521,Checking,61211,2021-01-18,True,2024-10-15,True,Inactive Alert
1650,4283,Business,50093,2018-09-03,True,2024-04-07,True,Inactive Alert
1651,1703,Savings,92809,2017-10-28,True,2024-07-29,True,Inactive Alert
1653,1776,Savings,67929,2017-07-18,True,2023-06-23,True,Inactive Alert
1656,1631,Savings,68612,2019-02-05,True,2023-07-24,True,Inactive Alert
1657,883,Checking,89436,2023-09-08,True,2024-09-29,True,Inactive Alert
1668,246,Savings,51370,2016-11-27,True,2024-10-30,True,Inactive Alert
1670,726,Business,75773,2025-04-18,True,2022-12-07,True,Inactive Alert
1671,1186,Business,87570,2020-03-25,True,2024-02-17,True,Inactive Alert
1672,91,Savings,86940,2023-12-22,True,2024-01-28,True,Inactive Alert
1677,492,Business,82233,2018-11-06,True,2024-11-06,True,Inactive Alert
1691,2303,Savings,77343,2019-09-23,True,2023-04-28,True,Inactive Alert
1702,4832,Checking,52188,2024-03-21,True,2024-10-17,True,Inactive Alert
1705,738,Business,96109,2017-04-05,True,2023-08-11,True,Inactive Alert
1721,1846,Business,52690,2023-08-29,True,2023-05-20,True,Inactive Alert
1724,3326,Savings,69367,2021-06-21,True,2024-08-07,True,Inactive Alert
1726,3636,Savings,58403,2022-02-11,True,2024-05-19,True,Inactive Alert
1728,4942,Business,69513,2024-06-10,True,2024-07-27,True,Inactive Alert
1729,3758,Business,74793,2017-08-13,True,2023-09-04,True,Inactive Alert
1730,573,Checking,93372,2019-04-30,True,2024-08-27,True,Inactive Alert
1732,4693,Savings,98942,2024-03-21,True,2023-10-22,True,Inactive Alert
1735,1128,Business,95734,2019-01-07,True,2023-06-07,True,Inactive Alert
1741,946,Checking,51292,2019-05-07,True,2024-10-25,True,Inactive Alert
1749,4555,Checking,71324,2017-03-03,True,2024-11-20,True,Inactive Alert
1755,1438,Business,69678,2017-05-23,True,,True,Inactive Alert
1758,410,Checking,95920,2018-01-12,True,2024-06-26,True,Inactive Alert
1759,12,Business,64870,2020-07-29,True,2024-03-26,True,Inactive Alert
1760,778,Checking,67534,2021-05-22,True,2023-08-09,True,Inactive Alert
1767,3003,Business,71505,2021-12-15,True,2023-09-28,True,Inactive Alert
1772,3698,Savings,82881,2019-05-25,True,2024-05-27,True,Inactive Alert
1774,468,Checking,78280,2025-01-23,True,2023-05-20,True,Inactive Alert
1777,3585,Checking,99773,2016-07-31,True,2024-08-21,True,Inactive Alert
1780,1936,Savings,98362,2024-07-18,True,2024-11-09,True,Inactive Alert
1787,4257,Checking,59164,2021-02-20,True,2024-01-29,True,Inactive Alert
1793,2499,Checking,61674,2023-01-29,True,2024-04-28,True,Inactive Alert
1797,2864,Savings,84142,2021-04-12,True,2022-07-11,True,Inactive Alert
1798,2264,Savings,77770,2021-04-29,True,2024-06-02,True,Inactive Alert
1803,3938,Business,65361,2019-07-26,True,2024-10-19,True,Inactive Alert
1805,767,Checking,69784,2017-09-18,True,2024-06-16,True,Inactive Alert
1807,3682,Checking,68833,2020-05-24,True,2024-10-12,True,Inactive Alert
1821,2457,Checking,70292,2024-08-22,True,2024-10-04,True,Inactive Alert
1823,2063,Checking,95712,2016-01-08,True,2024-07-12,True,Inactive Alert
1825,1993,Business,82345,2024-03-25,True,2022-09-10,True,Inactive Alert
1829,136,Checking,83661,2016-04-08,True,2024-02-29,True,Inactive Alert
1832,4872,Business,96018,2021-09-14,True,2024-09-07,True,Inactive Alert
1836,578,Business,64378,2015-11-06,True,2024-07-09,True,Inactive Alert
1837,3362,Savings,69972,2022-07-31,True,2022-12-23,True,Inactive Alert
1838,2757,Savings,87912,2021-07-13,True,2023-08-06,True,Inactive Alert
1839,4391,Checking,52394,2017-09-08,True,2023-11-07,True,Inactive Alert
1849,1755,Savings,75065,2024-06-27,True,2024-05-03,True,Inactive Alert
1850,452,Savings,80929,2019-03-21,True,2024-11-10,True,Inactive Alert
1851,2062,Savings,80337,2023-06-22,True,2023-10-19,True,Inactive Alert
1852,4105,Savings,87102,2023-05-30,True,2024-10-11,True,Inactive Alert
1854,1973,Savings,79340,2023-11-29,True,2024-11-07,True,Inactive Alert
1857,809,Savings,99442,2019-09-25,True,2023-02-25,True,Inactive Alert
1860,3490,Business,72634,2015-06-29,True,2023-04-30,True,Inactive Alert
1861,1008,Savings,68062,2016-01-16,True,2024-08-08,True,Inactive Alert
1863,2707,Savings,71108,2019-09-14,True,2024-06-14,True,Inactive Alert
1865,4405,Checking,88420,2017-07-15,True,2024-03-04,True,Inactive Alert
1866,954,Savings,83146,2019-09-09,True,2024-11-01,True,Inactive Alert
1868,1093,Business,58420,2025-03-21,True,2024-09-02,True,Inactive Alert
1869,41,Checking,87646,2021-10-11,True,2024-10-04,True,Inactive Alert
1870,4138,Savings,91773,2024-07-10,True,2024-04-01,True,Inactive Alert
1873,401,Business,61777,2023-06-21,True,2024-05-15,True,Inactive Alert
1874,3947,Savings,77299,2020-01-23,True,2024-07-09,True,Inactive Alert
1878,1804,Business,96889,2024-09-18,True,2024-06-28,True,Inactive Alert
1881,4053,Checking,77141,2016-11-09,True,2024-08-27,True,Inactive Alert
1884,443,Checking,56315,2022-07-15,True,2024-03-15,True,Inactive Alert
1899,4762,Business,58303,2021-08-20,True,2024-11-08,True,Inactive Alert
1904,3400,Checking,64028,2023-12-04,True,2023-07-27,True,Inactive Alert
1906,422,Checking,68895,2025-04-23,True,2024-06-29,True,Inactive Alert
1908,2843,Checking,94508,2015-05-24,True,2024-07-15,True,Inactive Alert
1910,2115,Savings,62844,2022-04-02,True,2024-06-24,True,Inactive Alert
1911,1620,Business,64868,2016-03-03,True,2024-09-29,True,Inactive Alert
1921,4142,Business,89106,2021-12-05,True,2024-06-07,True,Inactive Alert
1922,2024,Business,59270,2020-08-20,True,2024-01-03,True,Inactive Alert
1925,4952,Business,60965,2023-10-28,True,2022-08-01,True,Inactive Alert
1929,4246,Business,67191,2022-11-01,True,2024-07-31,True,Inactive Alert
1931,3882,Business,89932,2023-02-15,True,2024-03-13,True,Inactive Alert
1932,2078,Checking,96929,2019-12-10,True,2024-10-29,True,Inactive Alert
1934,183,Checking,98592,2020-12-06,True,2023-11-13,True,Inactive Alert
1939,801,Checking,67653,2018-05-23,True,2022-07-09,True,Inactive Alert
1945,2884,Business,99082,2023-12-28,True,2024-03-24,True,Inactive Alert
1946,28,Business,61734,2016-06-18,True,2024-01-16,True,Inactive Alert
1950,4954,Business,91136,2022-06-24,True,2024-10-07,True,Inactive Alert
1960,2216,Business,94767,2022-11-10,True,2024-05-05,True,Inactive Alert
1962,2611,Checking,83365,2022-05-15,True,2024-09-24,True,Inactive Alert
1966,4502,Business,52801,2015-11-02,True,2024-03-26,True,Inactive Alert
1967,209,Business,95208,2022-11-25,True,2023-09-19,True,Inactive Alert
1969,351,Business,87037,2023-10-19,True,2024-01-17,True,Inactive Alert
1970,2754,Business,93177,2016-09-02,True,2024-07-28,True,Inactive Alert
1971,4848,Savings,95192,2024-06-17,True,2024-09-22,True,Inactive Alert
1974,2654,Business,51817,2019-06-24,True,2024-10-04,True,Inactive Alert
1977,2180,Business,53788,2023-07-26,True,2024-11-02,True,Inactive Alert
1980,769,Savings,67578,2023-02-09,True,2024-10-23,True,Inactive Alert
1987,2480,Savings,95687,2019-01-25,True,2024-10-24,True,Inactive Alert
1989,2598,Checking,90259,2016-11-14,True,2024-06-05,True,Inactive Alert
1994,116,Checking,52398,2021-06-14,True,2024-03-03,True,Inactive Alert
1996,2017,Business,92096,2019-10-12,True,2024-08-06,True,Inactive Alert
1997,941,Savings,93176,2018-04-21,True,2023-10-12,True,Inactive Alert
2000,1174,Savings,96770,2021-03-07,True,2024-10-03,True,Inactive Alert
2003,1107,Savings,94628,2024-09-14,True,2023-09-21,True,Inactive Alert
2004,1647,Business,96456,2019-04-22,True,2024-05-29,True,Inactive Alert
2010,1825,Business,86103,2021-09-01,True,2023-11-07,True,Inactive Alert
2014,2552,Business,58762,2021-07-02,True,2024-09-23,True,Inactive Alert
2015,3469,Checking,51886,2023-06-26,True,2024-10-09,True,Inactive Alert
2019,4497,Checking,90422,2015-10-29,True,2022-08-25,True,Inactive Alert
2021,4947,Checking,60146,2023-04-24,True,2023-01-10,True,Inactive Alert
2023,1024,Savings,79275,2018-06-18,True,2024-08-31,True,Inactive Alert
2029,3128,Business,72145,2021-02-09,True,2024-11-07,True,Inactive Alert
2030,4193,Checking,77520,2017-06-10,True,2023-09-30,True,Inactive Alert
2031,2090,Checking,65051,2020-12-22,True,2024-05-10,True,Inactive Alert
2034,1800,Business,76401,2025-01-18,True,2024-09-22,True,Inactive Alert
2037,434,Checking,58328,2016-10-30,True,2024-07-28,True,Inactive Alert
2041,4073,Business,71949,2015-07-02,True,2024-01-27,True,Inactive Alert
2049,4888,Checking,91309,2019-07-13,True,2024-09-25,True,Inactive Alert
2051,2542,Business,59984,2023-07-31,True,2024-07-08,True,Inactive Alert
2053,1265,Savings,59932,2016-10-29,True,2024-11-03,True,Inactive Alert
2054,146,Business,79743,2023-01-12,True,,True,Inactive Alert
2055,3666,Business,80018,2024-12-29,True,2024-09-24,True,Inactive Alert
2064,755,Savings,82535,2024-06-20,True,2024-09-21,True,Inactive Alert
2065,852,Savings,85901,2022-08-22,True,,True,Inactive Alert
2067,488,Savings,59077,2015-07-02,True,2024-09-16,True,Inactive Alert
2068,4989,Business,80199,2018-05-17,True,2024-06-15,True,Inactive Alert
2070,4303,Business,50509,2015-07-27,True,2024-07-19,True,Inactive Alert
2082,4932,Checking,85643,2018-04-28,True,2024-06-14,True,Inactive Alert
2083,2868,Checking,85840,2023-02-03,True,2023-07-07,True,Inactive Alert
2085,4725,Savings,50549,2018-03-03,True,2024-11-02,True,Inactive Alert
2087,4079,Savings,82662,2017-06-14,True,2024-09-28,True,Inactive Alert
2088,301,Checking,86303,2022-09-15,True,2024-04-17,True,Inactive Alert
2092,4605,Checking,77869,2016-03-31,True,2024-11-09,True,Inactive Alert
2095,4626,Checking,81123,2015-09-17,True,2024-08-05,True,Inactive Alert
2100,3829,Business,90879,2025-02-28,True,2024-10-15,True,Inactive Alert
2105,4342,Savings,89661,2017-10-05,True,2024-11-09,True,Inactive Alert
2106,2234,Savings,82387,2017-06-27,True,2022-09-14,True,Inactive Alert
2107,2703,Savings,96491,2015-11-26,True,2024-01-21,True,Inactive Alert
2111,4762,Checking,79328,2018-09-02,True,2023-01-29,True,Inactive Alert
2112,4718,Savings,93448,2018-12-27,True,2024-11-02,True,Inactive Alert
2116,1700,Savings,97160,2020-07-17,True,2024-11-07,True,Inactive Alert
2119,1183,Savings,73360,2016-02-11,True,2022-07-03,True,Inactive Alert
2121,2553,Checking,73885,2025-02-04,True,2023-07-21,True,Inactive Alert
2122,2544,Checking,97072,2021-06-17,True,2024-08-26,True,Inactive Alert
2123,2828,Checking,67137,2020-11-21,True,2024-09-24,True,Inactive Alert
2124,2073,Business,80653,2016-09-25,True,2024-09-24,True,Inactive Alert
2126,4408,Business,69739,2019-05-13,True,2024-11-11,True,Inactive Alert
2132,3289,Business,60952,2017-07-07,True,2024-04-29,True,Inactive Alert
2133,4744,Business,62475,2016-02-17,True,2024-06-29,True,Inactive Alert
2135,118,Business,80061,2016-12-23,True,2024-08-16,True,Inactive Alert
2136,2464,Savings,77260,2019-07-31,True,2024-06-15,True,Inactive Alert
2143,294,Savings,65873,2024-12-04,True,2024-08-17,True,Inactive Alert
2156,3284,Business,92438,2024-03-05,True,2024-04-28,True,Inactive Alert
2157,1061,Business,94851,2022-05-02,True,2023-11-11,True,Inactive Alert
2161,2436,Savings,86665,2020-03-30,True,2023-10-07,True,Inactive Alert
2164,2973,Checking,56957,2025-03-26,True,2024-05-06,True,Inactive Alert
2166,947,Business,93367,2023-08-01,True,2024-05-29,True,Inactive Alert
2167,1271,Checking,64986,2021-02-13,True,2022-12-16,True,Inactive Alert
2172,1481,Savings,53641,2020-12-30,True,2024-02-22,True,Inactive Alert
2176,416,Savings,53293,2022-03-22,True,2024-10-24,True,Inactive Alert
2181,3428,Savings,93124,2015-07-04,True,2024-06-22,True,Inactive Alert
2182,2203,Business,67221,2022-06-06,True,2023-08-26,True,Inactive Alert
2183,3066,Checking,75144,2024-11-25,True,2024-09-25,True,Inactive Alert
2185,4720,Savings,76968,2020-06-15,True,2024-04-11,True,Inactive Alert
2188,2567,Savings,75351,2019-05-07,True,2024-10-01,True,Inactive Alert
2189,2836,Savings,52087,2020-09-25,True,2024-01-25,True,Inactive Alert
2191,1662,Savings,69403,2024-02-09,True,2024-03-19,True,Inactive Alert
2199,1596,Business,98080,2023-08-02,True,2024-01-03,True,Inactive Alert
2200,4805,Savings,50676,2015-11-23,True,2024-08-06,True,Inactive Alert
2204,723,Business,85767,2024-12-05,True,2024-10-30,True,Inactive Alert
2207,1890,Checking,73292,2017-04-28,True,2024-09-25,True,Inactive Alert
2209,4122,Savings,67719,2025-02-25,True,2024-09-26,True,Inactive Alert
2211,3915,Business,85380,2022-03-29,True,2024-07-25,True,Inactive Alert
2213,624,Savings,57459,2024-10-01,True,2024-05-01,True,Inactive Alert
2216,1504,Savings,64560,2023-05-06,True,2024-01-06,True,Inactive Alert
2221,3883,Checking,82567,2020-07-15,True,2024-08-22,True,Inactive Alert
2223,2163,Business,88821,2016-04-16,True,2022-11-26,True,Inactive Alert
2231,4784,Checking,63495,2017-12-30,True,2024-04-15,True,Inactive Alert
2233,3341,Checking,68401,2019-07-26,True,2023-04-20,True,Inactive Alert
2235,3610,Savings,67186,2020-04-19,True,2024-07-07,True,Inactive Alert
2236,827,Savings,62631,2019-01-03,True,2023-06-07,True,Inactive Alert
2238,4540,Savings,73828,2021-07-08,True,2024-09-18,True,Inactive Alert
2244,1929,Savings,74329,2020-06-04,True,2023-07-21,True,Inactive Alert
2245,23,Business,64998,2024-01-27,True,2023-09-03,True,Inactive Alert
2247,4897,Savings,91348,2022-02-14,True,2024-06-06,True,Inactive Alert
2248,2444,Checking,52438,2022-06-18,True,2024-03-22,True,Inactive Alert
2249,1602,Business,94361,2018-11-11,True,2024-04-05,True,Inactive Alert
2261,3855,Checking,99842,2017-12-13,True,2023-11-21,True,Inactive Alert
2263,501,Business,73361,2017-09-06,True,2024-11-02,True,Inactive Alert
2264,375,Savings,92080,2023-04-02,True,2024-02-16,True,Inactive Alert
2277,1899,Checking,51706,2023-05-03,True,2024-09-09,True,Inactive Alert
2283,1974,Checking,64326,2023-09-30,True,2024-03-26,True,Inactive Alert
2284,3659,Business,67546,2021-10-09,True,2024-01-05,True,Inactive Alert
2292,4678,Checking,75516,2020-10-12,True,2024-10-28,True,Inactive Alert
2299,1535,Checking,87927,2023-06-09,True,2024-10-17,True,Inactive Alert
2301,973,Business,64441,2016-02-22,True,2024-10-20,True,Inactive Alert
2302,1821,Savings,72135,2021-07-08,True,2024-09-02,True,Inactive Alert
2303,4209,Business,83969,2021-12-22,True,2024-07-05,True,Inactive Alert
2308,1300,Savings,57241,2021-04-01,True,2023-05-19,True,Inactive Alert
2315,2074,Savings,93236,2017-11-04,True,2023-01-31,True,Inactive Alert
2320,3872,Savings,74734,2019-09-08,True,2024-04-13,True,Inactive Alert
2322,4081,Savings,90965,2021-03-23,True,2024-01-23,True,Inactive Alert
2327,606,Business,94122,2017-10-13,True,2024-10-06,True,Inactive Alert
2328,2024,Business,85213,2017-11-13,True,2024-11-01,True,Inactive Alert
2329,1835,Business,59613,2017-01-23,True,2023-10-08,True,Inactive Alert
2330,4136,Checking,61114,2016-02-15,True,2023-08-15,True,Inactive Alert
2338,4724,Savings,86889,2022-12-05,True,2024-10-17,True,Inactive Alert
2342,916,Savings,62287,2019-03-24,True,2024-07-02,True,Inactive Alert
2353,1407,Business,73832,2021-05-09,True,2023-04-22,True,Inactive Alert
2354,1415,Business,55879,2021-11-08,True,2023-09-01,True,Inactive Alert
2358,4168,Checking,57297,2017-10-24,True,2024-05-25,True,Inactive Alert
2361,4527,Business,70438,2017-10-18,True,2024-10-19,True,Inactive Alert
2368,285,Savings,94521,2016-09-20,True,2024-03-04,True,Inactive Alert
2371,4863,Checking,98464,2018-01-26,True,2022-06-17,True,Inactive Alert
2381,495,Business,63944,2021-07-07,True,2024-09-15,True,Inactive Alert
2384,3821,Checking,84231,2019-06-14,True,2024-09-14,True,Inactive Alert
2387,3596,Checking,90245,2019-02-23,True,2024-07-14,True,Inactive Alert
2391,1922,Checking,69028,2022-06-02,True,2024-09-15,True,Inactive Alert
2392,2791,Savings,79938,2024-09-17,True,2024-11-15,True,Inactive Alert
2396,2968,Business,87010,2025-03-07,True,2024-10-04,True,Inactive Alert
2405,692,Checking,65569,2024-09-02,True,2022-11-18,True,Inactive Alert
2408,4433,Savings,70104,2022-07-05,True,2024-05-31,True,Inactive Alert
2411,625,Business,74166,2018-12-24,True,2024-06-13,True,Inactive Alert
2414,3733,Business,94603,2024-07-03,True,2023-11-10,True,Inactive Alert
2416,3070,Checking,92110,2024-06-28,True,2023-07-01,True,Inactive Alert
2417,4502,Checking,62273,2018-08-15,True,2024-11-18,True,Inactive Alert
2423,3544,Checking,63161,2023-06-24,True,2024-11-16,True,Inactive Alert
2428,2522,Savings,91428,2024-05-25,True,2024-08-20,True,Inactive Alert
2432,491,Checking,84525,2021-03-24,True,2024-06-17,True,Inactive Alert
2438,425,Business,68010,2016-08-24,True,2023-01-02,True,Inactive Alert
2441,3093,Checking,71775,2016-04-12,True,2024-10-12,True,Inactive Alert
2443,723,Business,79944,2020-07-10,True,2024-09-01,True,Inactive Alert
2447,3789,Savings,58743,2022-09-01,True,2024-10-06,True,Inactive Alert
2448,399,Business,59982,2022-05-21,True,2024-07-10,True,Inactive Alert
2449,4575,Checking,96814,2017-05-24,True,2024-11-21,True,Inactive Alert
2453,1104,Checking,53887,2022-05-29,True,2024-10-19,True,Inactive Alert
2455,3493,Savings,50623,2020-12-21,True,2024-06-13,True,Inactive Alert
2457,541,Business,53637,2017-04-24,True,2024-11-01,True,Inactive Alert
2459,539,Checking,71485,2021-06-28,True,2022-07-07,True,Inactive Alert
2460,135,Checking,57429,2021-12-01,True,2024-09-16,True,Inactive Alert
2466,4907,Savings,63434,2018-05-26,True,2024-04-01,True,Inactive Alert
2467,2029,Savings,96220,2018-06-13,True,2024-10-24,True,Inactive Alert
2469,248,Business,79016,2015-08-03,True,2023-09-13,True,Inactive Alert
2472,4284,Checking,52974,2019-09-25,True,2022-12-07,True,Inactive Alert
2477,2823,Checking,55505,2016-06-23,True,2024-10-14,True,Inactive Alert
2486,2492,Business,97737,2019-11-10,True,2023-06-07,True,Inactive Alert
2491,4972,Savings,82725,2023-04-17,True,2023-01-31,True,Inactive Alert
2493,966,Business,76757,2020-12-19,True,2024-10-22,True,Inactive Alert
2499,2978,Business,77498,2017-05-07,True,2024-05-07,True,Inactive Alert
2501,4294,Business,63122,2024-07-07,True,2024-05-10,True,Inactive Alert
2502,2154,Savings,90168,2016-12-29,True,2023-11-29,True,Inactive Alert
2504,4673,Checking,92589,2022-12-07,True,2024-07-19,True,Inactive Alert
2507,4052,Business,92184,2025-04-18,True,2024-05-11,True,Inactive Alert
2512,3337,Savings,97342,2025-04-15,True,,True,Inactive Alert
2513,190,Savings,67606,2018-04-14,True,2023-12-19,True,Inactive Alert
2514,3295,Checking,57557,2016-12-14,True,2023-11-28,True,Inactive Alert
2517,585,Checking,92396,2023-05-06,True,2024-06-22,True,Inactive Alert
2524,528,Business,96258,2015-10-04,True,2023-10-26,True,Inactive Alert
2525,377,Savings,57169,2016-12-02,True,2024-10-25,True,Inactive Alert
2526,397,Checking,93214,2020-05-24,True,2024-09-28,True,Inactive Alert
2529,1082,Checking,93968,2021-03-25,True,2024-10-16,True,Inactive Alert
2542,4715,Business,77222,2016-11-03,True,2024-10-21,True,Inactive Alert
2543,407,Savings,71129,2024-09-24,True,2024-02-23,True,Inactive Alert
2547,710,Business,70928,2018-06-08,True,2022-11-08,True,Inactive Alert
2548,2247,Checking,81010,2015-07-04,True,2024-02-12,True,Inactive Alert
2549,2989,Business,80615,2018-02-08,True,2024-05-02,True,Inactive Alert
2553,4106,Checking,85637,2023-07-24,True,2024-08-02,True,Inactive Alert
2560,4692,Savings,99498,2024-07-02,True,2022-09-30,True,Inactive Alert
2563,690,Savings,72810,2018-12-22,True,2024-11-04,True,Inactive Alert
2566,3065,Savings,55076,2021-04-21,True,2024-11-15,True,Inactive Alert
2568,1698,Checking,58835,2018-11-30,True,2023-12-31,True,Inactive Alert
2569,2982,Checking,57274,2023-08-01,True,2023-06-30,True,Inactive Alert
2579,4025,Savings,78624,2021-08-05,True,2024-10-04,True,Inactive Alert
2594,1861,Checking,56388,2015-06-26,True,2024-08-31,True,Inactive Alert
2599,3497,Business,76761,2015-06-27,True,2024-11-05,True,Inactive Alert
2601,3104,Checking,99129,2020-10-11,True,2024-03-13,True,Inactive Alert
2606,4457,Savings,75171,2016-05-04,True,2024-09-30,True,Inactive Alert
2607,4065,Checking,87593,2021-02-05,True,2024-04-22,True,Inactive Alert
2613,378,Business,71066,2018-01-13,True,2024-09-27,True,Inactive Alert
2615,4816,Savings,58117,2021-04-08,True,2022-11-01,True,Inactive Alert
2618,1124,Business,79753,2023-07-29,True,2022-08-14,True,Inactive Alert
2623,3136,Savings,73636,2022-08-01,True,2024-11-09,True,Inactive Alert
2624,1450,Business,67349,2022-06-02,True,2024-11-19,True,Inactive Alert
2637,3006,Business,66691,2015-06-13,True,2023-11-11,True,Inactive Alert
2642,1990,Checking,84656,2025-05-06,True,2024-05-23,True,Inactive Alert
2645,1309,Business,65670,2023-04-15,True,2024-03-08,True,Inactive Alert
2648,3286,Savings,92732,2019-01-16,True,2023-10-25,True,Inactive Alert
2651,3183,Checking,64624,2020-07-11,True,2024-07-03,True,Inactive Alert
2654,2594,Business,79360,2016-10-11,True,2024-03-13,True,Inactive Alert
2656,2084,Checking,89923,2024-04-14,True,2024-07-31,True,Inactive Alert
2657,3326,Checking,76993,2022-02-23,True,2023-10-08,True,Inactive Alert
2660,4910,Business,89714,2020-06-17,True,2024-10-20,True,Inactive Alert
2666,1720,Checking,94089,2023-01-25,True,2023-03-30,True,Inactive Alert
2676,1970,Business,63746,2021-09-08,True,2024-11-01,True,Inactive Alert
2678,3057,Savings,72604,2015-09-13,True,2023-10-08,True,Inactive Alert
2682,411,Savings,91487,2016-10-19,True,2023-07-02,True,Inactive Alert
2684,1274,Savings,71932,2018-10-16,True,2024-05-25,True,Inactive Alert
2688,2962,Business,83618,2017-08-06,True,2023-12-03,True,Inactive Alert
2690,1634,Checking,83898,2018-01-21,True,2024-09-17,True,Inactive Alert
2692,3030,Savings,63035,2020-11-06,True,2024-11-18,True,Inactive Alert
2693,417,Checking,91259,2019-09-20,True,2023-10-26,True,Inactive Alert
2694,177,Savings,69099,2020-07-21,True,2024-02-19,True,Inactive Alert
2697,2438,Business,61360,2015-07-16,True,2024-05-11,True,Inactive Alert
2699,4537,Checking,80706,2019-03-07,True,2022-10-06,True,Inactive Alert
2701,1780,Checking,73960,2021-02-22,True,2024-08-24,True,Inactive Alert
2703,1126,Checking,61317,2024-07-28,True,2023-08-19,True,Inactive Alert
2705,8,Savings,61210,2024-04-05,True,2023-12-31,True,Inactive Alert
2710,520,Savings,64789,2022-06-28,True,2023-09-07,True,Inactive Alert
2713,4502,Checking,57421,2024-03-11,True,2024-09-17,True,Inactive Alert
2714,4850,Business,52162,2023-02-16,True,2024-04-05,True,Inactive Alert
2716,3957,Business,52374,2015-10-28,True,2023-07-19,True,Inactive Alert
2717,708,Checking,52186,2019-07-18,True,2024-06-05,True,Inactive Alert
2722,4224,Savings,70980,2016-11-11,True,2023-08-29,True,Inactive Alert
2726,547,Business,60350,2018-12-19,True,2024-08-25,True,Inactive Alert
2731,2815,Checking,63003,2019-11-19,True,2024-08-28,True,Inactive Alert
2738,676,Business,71751,2018-11-10,True,2023-07-17,True,Inactive Alert
2743,2766,Checking,63941,2015-06-14,True,2024-08-01,True,Inactive Alert
2745,3628,Checking,75474,2023-01-30,True,2024-09-07,True,Inactive Alert
2746,205,Business,50988,2016-12-09,True,2024-09-16,True,Inactive Alert
2749,1325,Savings,65421,2021-03-30,True,2024-06-19,True,Inactive Alert
2750,2397,Checking,67264,2016-05-30,True,2024-05-28,True,Inactive Alert
2754,3808,Business,69846,2016-02-17,True,2024-09-07,True,Inactive Alert
2756,4798,Savings,99304,2024-09-19,True,2024-01-24,True,Inactive Alert
2757,2782,Checking,60471,2015-08-13,True,2023-01-27,True,Inactive Alert
2758,2377,Business,50547,2024-03-29,True,2024-10-26,True,Inactive Alert
2760,3190,Checking,88650,2016-01-11,True,2024-03-24,True,Inactive Alert
2768,3264,Business,71252,2020-05-24,True,2024-08-14,True,Inactive Alert
2772,2347,Checking,76952,2019-04-05,True,2024-07-04,True,Inactive Alert
2773,1508,Checking,73624,2020-07-13,True,2024-06-30,True,Inactive Alert
2779,3669,Business,93041,2017-07-01,True,2024-10-23,True,Inactive Alert
2787,2607,Checking,61385,2020-09-03,True,2024-06-11,True,Inactive Alert
2789,4554,Business,93368,2024-05-02,True,2024-03-30,True,Inactive Alert
2792,4216,Savings,98722,2019-02-20,True,2024-02-03,True,Inactive Alert
2801,3993,Checking,67670,2022-01-18,True,2024-08-05,True,Inactive Alert
2806,4092,Business,66772,2015-10-09,True,2024-02-21,True,Inactive Alert
2814,950,Business,86759,2024-09-07,True,2024-08-06,True,Inactive Alert
2815,4412,Checking,80702,2018-05-21,True,2024-05-02,True,Inactive Alert
2817,4732,Checking,82624,2015-11-25,True,2023-12-06,True,Inactive Alert
2822,3188,Business,60021,2018-11-09,True,2024-05-26,True,Inactive Alert
2828,1051,Savings,89544,2022-07-19,True,2024-04-12,True,Inactive Alert
2834,4310,Savings,92686,2017-08-15,True,2024-07-30,True,Inactive Alert
2839,4081,Checking,99167,2022-05-15,True,2024-04-09,True,Inactive Alert
2843,2766,Business,99321,2016-04-10,True,2024-11-06,True,Inactive Alert
2848,4514,Checking,61886,2017-08-18,True,2024-01-31,True,Inactive Alert
2849,3593,Checking,50558,2018-11-29,True,2024-04-09,True,Inactive Alert
2857,4494,Checking,68930,2021-02-27,True,2023-08-14,True,Inactive Alert
2866,1467,Checking,81060,2015-06-23,True,2023-07-23,True,Inactive Alert
2870,2259,Savings,87453,2024-05-30,True,2024-11-07,True,Inactive Alert
2871,4997,Business,99113,2018-03-16,True,2024-10-09,True,Inactive Alert
2872,4665,Checking,50899,2020-05-08,True,2024-06-09,True,Inactive Alert
2878,3714,Business,57580,2024-07-25,True,2023-08-04,True,Inactive Alert
2879,2883,Checking,66396,2015-11-01,True,,True,Inactive Alert
2881,1240,Business,62818,2024-08-03,True,2024-11-15,True,Inactive Alert
2882,259,Checking,94722,2017-04-15,True,2024-04-18,True,Inactive Alert
2885,177,Savings,60313,2016-07-20,True,2024-10-07,True,Inactive Alert
2894,2540,Business,50447,2016-10-20,True,2023-08-28,True,Inactive Alert
2895,4664,Checking,99720,2018-01-31,True,2024-07-04,True,Inactive Alert
2900,3720,Business,86882,2018-11-04,True,2023-11-14,True,Inactive Alert
2903,1740,Savings,64201,2022-03-20,True,2024-09-13,True,Inactive Alert
2905,3135,Checking,80070,2018-08-15,True,2023-06-13,True,Inactive Alert
2906,4695,Checking,96166,2019-08-20,True,2023-11-01,True,Inactive Alert
2907,2720,Checking,99022,2018-04-24,True,2024-07-09,True,Inactive Alert
2912,4294,Business,50541,2024-05-13,True,2024-08-01,True,Inactive Alert
2913,2035,Business,74948,2019-08-27,True,2023-11-23,True,Inactive Alert
2917,3346,Savings,99657,2022-03-15,True,2022-11-23,True,Inactive Alert
2919,3110,Business,67202,2022-12-18,True,2024-10-23,True,Inactive Alert
2926,4218,Business,91988,2019-06-05,True,2024-06-08,True,Inactive Alert
2928,1289,Business,95736,2022-07-15,True,,True,Inactive Alert
2930,3226,Savings,98304,2019-04-03,True,2024-07-08,True,Inactive Alert
2933,3555,Checking,55401,2019-09-09,True,2024-10-04,True,Inactive Alert
2934,2110,Business,79809,2022-06-09,True,2024-11-01,True,Inactive Alert
2937,77,Savings,64959,2021-08-22,True,2024-09-21,True,Inactive Alert
2938,183,Savings,77994,2020-06-04,True,2024-09-24,True,Inactive Alert
2943,3899,Checking,66769,2020-07-18,True,2023-09-12,True,Inactive Alert
2944,616,Savings,63221,2023-05-24,True,2024-07-13,True,Inactive Alert
2948,4991,Savings,60586,2018-08-01,True,2024-06-01,True,Inactive Alert
2949,2716,Business,76323,2019-09-07,True,2024-07-03,True,Inactive Alert
2952,2738,Savings,77047,2024-08-01,True,2024-07-23,True,Inactive Alert
2954,379,Savings,59972,2024-09-29,True,2024-05-02,True,Inactive Alert
2957,306,Business,89521,2018-09-17,True,2024-08-30,True,Inactive Alert
2960,3814,Savings,89439,2016-07-27,True,2023-03-28,True,Inactive Alert
2961,4785,Savings,56888,2022-12-10,True,2023-12-09,True,Inactive Alert
2968,3743,Checking,69973,2018-02-14,True,2024-07-21,True,Inactive Alert
2973,176,Checking,64487,2019-05-03,True,2022-12-28,True,Inactive Alert
2974,3337,Checking,76793,2015-12-12,True,2024-11-19,True,Inactive Alert
2980,226,Checking,84638,2021-12-05,True,2024-09-29,True,Inactive Alert
2983,1667,Savings,59012,2022-01-15,True,2024-08-30,True,Inactive Alert
2985,3667,Savings,54639,2021-08-28,True,2023-11-20,True,Inactive Alert
2987,3381,Checking,96665,2017-12-24,True,2024-07-15,True,Inactive Alert
2988,1777,Savings,82149,2019-05-03,True,2024-11-11,True,Inactive Alert
2995,342,Checking,53423,2018-07-04,True,2024-09-17,True,Inactive Alert
3001,2283,Checking,59080,2023-11-18,True,2024-05-17,True,Inactive Alert
3002,908,Checking,53203,2021-06-10,True,2024-10-29,True,Inactive Alert
3006,216,Savings,98799,2019-09-05,True,2024-06-08,True,Inactive Alert
3007,3356,Savings,57320,2017-05-24,True,2024-01-01,True,Inactive Alert
3011,567,Checking,88900,2019-01-04,True,2024-11-08,True,Inactive Alert
3018,3159,Checking,70735,2024-03-18,True,2023-10-19,True,Inactive Alert
3021,4047,Business,71031,2016-02-20,True,2024-06-11,True,Inactive Alert
3025,1834,Business,77854,2016-06-04,True,2023-05-12,True,Inactive Alert
3027,2911,Business,94111,2018-08-28,True,2024-10-30,True,Inactive Alert
3032,2479,Business,72257,2021-05-10,True,,True,Inactive Alert
3041,1462,Savings,94319,2018-02-10,True,2024-10-24,True,Inactive Alert
3048,3164,Savings,79223,2016-01-22,True,2024-10-31,True,Inactive Alert
3053,831,Business,64573,2019-09-15,True,2024-11-01,True,Inactive Alert
3055,1476,Checking,82813,2023-12-03,True,2024-08-30,True,Inactive Alert
3056,467,Checking,89041,2016-03-21,True,2023-06-29,True,Inactive Alert
3059,817,Checking,50996,2016-10-22,True,2024-06-11,True,Inactive Alert
3062,4921,Savings,72838,2017-03-05,True,2024-07-03,True,Inactive Alert
3064,4317,Checking,52250,2021-05-10,True,2024-10-17,True,Inactive Alert
3067,2031,Business,81182,2017-11-27,True,2024-11-01,True,Inactive Alert
3069,2723,Business,68141,2021-12-28,True,2024-03-12,True,Inactive Alert
3072,1876,Checking,59375,2019-05-17,True,2024-03-03,True,Inactive Alert
3082,2531,Business,90706,2019-11-21,True,2024-07-26,True,Inactive Alert
3083,2468,Business,54517,2023-06-27,True,2024-06-12,True,Inactive Alert
3085,931,Checking,69740,2025-05-02,True,2023-02-24,True,Inactive Alert
3092,3746,Business,68700,2018-04-03,True,2024-01-27,True,Inactive Alert
3099,1062,Business,61261,2022-06-30,True,2024-05-18,True,Inactive Alert
3100,2798,Savings,98577,2015-08-27,True,2024-10-25,True,Inactive Alert
3106,3428,Checking,50705,2025-02-23,True,2023-02-28,True,Inactive Alert
3108,2989,Savings,83370,2020-09-08,True,2024-05-13,True,Inactive Alert
3109,534,Savings,75498,2016-08-11,True,2024-08-06,True,Inactive Alert
3110,585,Business,71497,2023-11-10,True,2024-09-05,True,Inactive Alert
3115,4521,Savings,71516,2017-11-16,True,2024-07-24,True,Inactive Alert
3116,2905,Business,94163,2021-08-17,True,2024-10-02,True,Inactive Alert
3131,1107,Savings,54759,2024-01-14,True,2024-09-17,True,Inactive Alert
3132,3282,Business,94181,2022-07-23,True,2024-10-07,True,Inactive Alert
3134,4317,Checking,93500,2015-12-22,True,2023-11-07,True,Inactive Alert
3136,357,Savings,68261,2022-05-24,True,2024-05-04,True,Inactive Alert
3138,3495,Business,73585,2018-10-29,True,2023-07-01,True,Inactive Alert
3142,1069,Checking,70275,2023-05-09,True,2023-12-21,True,Inactive Alert
3144,2233,Checking,89488,2016-05-14,True,2024-10-23,True,Inactive Alert
3149,4169,Checking,96757,2019-12-25,True,2024-10-09,True,Inactive Alert
3151,488,Checking,53108,2018-09-22,True,2024-05-19,True,Inactive Alert
3155,1714,Business,71532,2018-01-25,True,2024-07-07,True,Inactive Alert
3156,1270,Business,72197,2017-09-16,True,2024-05-08,True,Inactive Alert
3159,4876,Checking,91515,2021-02-05,True,2023-09-11,True,Inactive Alert
3161,3699,Savings,85905,2021-10-04,True,2024-04-12,True,Inactive Alert
3164,3449,Business,95199,2024-08-12,True,2024-07-23,True,Inactive Alert
3165,3411,Savings,58953,2021-09-27,True,2024-08-05,True,Inactive Alert
3168,1254,Business,88182,2023-09-19,True,2024-06-09,True,Inactive Alert
3170,3623,Savings,75526,2019-01-12,True,2024-05-30,True,Inactive Alert
3175,1288,Business,83006,2020-03-19,True,2024-10-15,True,Inactive Alert
3178,454,Checking,79076,2017-05-09,True,2023-12-18,True,Inactive Alert
3183,1874,Savings,91199,2025-03-28,True,2024-05-21,True,Inactive Alert
3185,660,Savings,66472,2020-05-12,True,2024-06-30,True,Inactive Alert
3196,2348,Business,83388,2022-02-02,True,2024-01-04,True,Inactive Alert
3198,1351,Savings,76415,2017-07-03,True,2024-08-22,True,Inactive Alert
3200,2420,Business,65982,2017-01-27,True,2024-06-02,True,Inactive Alert
3208,1707,Checking,69672,2021-06-06,True,2024-06-10,True,Inactive Alert
3211,4321,Business,59739,2018-11-18,True,2023-02-26,True,Inactive Alert
3214,4658,Savings,86899,2022-03-11,True,2023-02-25,True,Inactive Alert
3218,3349,Savings,65067,2022-02-05,True,2024-10-17,True,Inactive Alert
3220,4172,Savings,72345,2017-05-30,True,2024-03-25,True,Inactive Alert
3231,508,Business,99707,2024-02-27,True,2022-10-16,True,Inactive Alert
3233,3725,Savings,55561,2024-12-19,True,2024-05-20,True,Inactive Alert
3234,843,Business,97984,2015-12-11,True,2024-06-23,True,Inactive Alert
3235,1870,Savings,55799,2023-12-06,True,2024-07-26,True,Inactive Alert
3240,1176,Business,87315,2023-04-08,True,2024-05-15,True,Inactive Alert
3248,1020,Checking,56480,2020-08-01,True,2024-09-11,True,Inactive Alert
3253,127,Checking,66577,2016-08-01,True,2023-08-01,True,Inactive Alert
3254,1432,Savings,81821,2023-09-21,True,2024-05-21,True,Inactive Alert
3259,4050,Checking,90264,2020-06-20,True,2024-07-05,True,Inactive Alert
3261,2360,Checking,59999,2019-04-09,True,,True,Inactive Alert
3264,1245,Business,81018,2023-05-11,True,2024-09-18,True,Inactive Alert
3265,3391,Checking,62853,2017-10-25,True,2024-05-07,True,Inactive Alert
3268,923,Business,60887,2019-05-16,True,2024-09-24,True,Inactive Alert
3281,2317,Checking,99053,2023-05-18,True,2022-07-12,True,Inactive Alert
3282,3665,Business,60451,2016-11-05,True,2023-12-19,True,Inactive Alert
3283,4258,Savings,79235,2021-09-22,True,2024-09-07,True,Inactive Alert
3286,1827,Checking,52138,2016-12-12,True,2024-11-11,True,Inactive Alert
3287,4357,Checking,58876,2016-11-23,True,2024-10-30,True,Inactive Alert
3288,3492,Checking,73139,2018-05-26,True,2024-06-07,True,Inactive Alert
3296,1241,Savings,61297,2025-02-26,True,2024-04-25,True,Inactive Alert
3298,1145,Business,85141,2016-08-23,True,2024-07-02,True,Inactive Alert
3299,3575,Savings,86882,2022-04-30,True,2024-08-21,True,Inactive Alert
3313,1329,Savings,81414,2025-02-11,True,2024-06-30,True,Inactive Alert
3315,1081,Business,71411,2024-02-11,True,2024-10-02,True,Inactive Alert
3316,2955,Savings,60193,2017-09-08,True,2023-10-23,True,Inactive Alert
3317,3974,Checking,66706,2023-08-01,True,2023-09-22,True,Inactive Alert
3319,426,Savings,50188,2020-03-09,True,2023-05-31,True,Inactive Alert
3322,2591,Savings,89528,2023-05-14,True,2024-11-16,True,Inactive Alert
3326,4177,Savings,57729,2021-11-25,True,2024-08-14,True,Inactive Alert
3327,1844,Business,94734,2019-09-22,True,2024-09-18,True,Inactive Alert
3343,4320,Business,98645,2018-01-29,True,2024-06-24,True,Inactive Alert
3346,1416,Savings,98955,2020-05-09,True,2023-09-19,True,Inactive Alert
3354,2112,Checking,58566,2020-08-22,True,2023-11-05,True,Inactive Alert
3357,4762,Business,54611,2022-12-05,True,2024-09-26,True,Inactive Alert
3358,4637,Savings,76252,2019-02-09,True,2023-08-25,True,Inactive Alert
3359,1225,Checking,60510,2021-03-03,True,,True,Inactive Alert
3360,1070,Business,81262,2025-04-02,True,2024-11-01,True,Inactive Alert
3363,4995,Business,58357,2018-11-15,True,2024-07-25,True,Inactive Alert
3368,658,Business,68847,2021-06-11,True,2024-05-02,True,Inactive Alert
3372,781,Savings,76572,2019-11-13,True,2023-10-05,True,Inactive Alert
3376,3921,Savings,93110,2021-07-12,True,2022-10-26,True,Inactive Alert
3383,1168,Business,54693,2018-05-26,True,2023-05-23,True,Inactive Alert
3387,1183,Business,53276,2017-10-09,True,2024-07-25,True,Inactive Alert
3394,2174,Business,62407,2021-12-26,True,,True,Inactive Alert
3404,1981,Business,70547,2025-03-07,True,2023-06-09,True,Inactive Alert
3411,2589,Savings,56852,2017-11-03,True,2024-06-15,True,Inactive Alert
3415,4686,Checking,64740,2024-11-17,True,2024-10-17,True,Inactive Alert
3416,2249,Checking,53029,2018-11-10,True,,True,Inactive Alert
3421,2194,Business,56753,2016-06-10,True,2024-11-12,True,Inactive Alert
3428,3955,Checking,72149,2023-07-20,True,2024-03-30,True,Inactive Alert
3430,1047,Business,81811,2021-05-31,True,2023-12-10,True,Inactive Alert
3432,4640,Savings,99644,2015-12-27,True,2024-10-23,True,Inactive Alert
3439,4998,Business,67410,2018-02-26,True,2024-11-05,True,Inactive Alert
3441,3438,Savings,96825,2021-01-14,True,2023-06-03,True,Inactive Alert
3442,4623,Checking,65148,2018-10-03,True,2023-01-12,True,Inactive Alert
3443,169,Checking,81898,2021-11-09,True,2022-07-27,True,Inactive Alert
3449,1378,Checking,66046,2023-02-23,True,2024-08-27,True,Inactive Alert
3452,3932,Business,95382,2016-09-05,True,2023-10-03,True,Inactive Alert
3456,242,Business,76281,2022-10-08,True,2024-06-29,True,Inactive Alert
3457,292,Savings,85380,2018-11-06,True,2024-09-18,True,Inactive Alert
3461,1687,Savings,68201,2016-01-05,True,2024-05-13,True,Inactive Alert
3463,4889,Checking,95784,2016-06-28,True,2024-11-03,True,Inactive Alert
3464,3595,Checking,65824,2020-07-02,True,2024-10-05,True,Inactive Alert
3465,614,Checking,92231,2017-04-06,True,2024-06-02,True,Inactive Alert
3467,3281,Business,61007,2023-03-10,True,2024-03-30,True,Inactive Alert
3471,2631,Business,92281,2020-10-07,True,2023-11-14,True,Inactive Alert
3474,367,Checking,64837,2024-09-04,True,2023-03-02,True,Inactive Alert
3482,2435,Business,71858,2024-02-11,True,2024-02-16,True,Inactive Alert
3485,2126,Checking,89487,2022-01-06,True,2022-12-09,True,Inactive Alert
3495,3950,Savings,71919,2018-11-09,True,2024-08-08,True,Inactive Alert
3496,3313,Business,51421,2017-05-22,True,2024-03-02,True,Inactive Alert
3497,3378,Business,67353,2024-07-24,True,2024-09-07,True,Inactive Alert
3498,115,Savings,83420,2020-09-15,True,,True,Inactive Alert
3500,4840,Business,96704,2017-06-03,True,2024-04-24,True,Inactive Alert
3501,4128,Checking,52339,2020-06-25,True,2024-06-21,True,Inactive Alert
3502,2900,Checking,78494,2018-10-09,True,2024-11-09,True,Inactive Alert
3504,2625,Business,84283,2018-03-03,True,2024-07-20,True,Inactive Alert
3506,379,Checking,79100,2022-02-26,True,2023-02-24,True,Inactive Alert
3507,2312,Savings,81657,2022-03-15,True,2024-07-25,True,Inactive Alert
3508,4431,Business,75131,2021-12-14,True,2024-05-20,True,Inactive Alert
3509,2312,Checking,78183,2023-10-06,True,,True,Inactive Alert
3510,4636,Checking,55777,2019-05-12,True,2024-06-29,True,Inactive Alert
3517,277,Business,73138,2019-12-12,True,2024-09-14,True,Inactive Alert
3523,3120,Checking,83236,2021-09-09,True,2024-04-12,True,Inactive Alert
3525,698,Business,55001,2018-10-12,True,2023-10-02,True,Inactive Alert
3527,906,Savings,66361,2022-11-09,True,2024-10-13,True,Inactive Alert
3528,1088,Checking,57212,2021-01-23,True,2023-05-24,True,Inactive Alert
3530,2445,Savings,65611,2022-08-14,True,2023-11-12,True,Inactive Alert
3532,3142,Savings,97871,2019-04-26,True,2024-08-26,True,Inactive Alert
3534,1910,Checking,77701,2024-02-04,True,2024-09-01,True,Inactive Alert
3539,3810,Checking,57215,2020-10-19,True,2024-10-12,True,Inactive Alert
3544,997,Business,76856,2019-03-20,True,2024-06-05,True,Inactive Alert
3546,1859,Savings,90282,2021-01-13,True,2024-06-07,True,Inactive Alert
3547,1263,Business,83428,2018-03-14,True,2024-11-02,True,Inactive Alert
3554,23,Savings,86191,2022-06-30,True,2024-06-26,True,Inactive Alert
3557,4540,Savings,68366,2018-10-19,True,2024-10-08,True,Inactive Alert
3558,4027,Checking,79109,2020-06-06,True,2024-04-30,True,Inactive Alert
3566,1612,Savings,81423,2017-11-28,True,2024-03-06,True,Inactive Alert
3568,3814,Business,69371,2019-12-30,True,2023-10-29,True,Inactive Alert
3571,2237,Savings,50595,2018-05-07,True,2024-10-14,True,Inactive Alert
3574,4690,Business,54600,2019-04-27,True,2024-09-02,True,Inactive Alert
3575,3090,Checking,99211,2017-08-11,True,2024-04-12,True,Inactive Alert
3576,4870,Business,64407,2016-09-14,True,2024-02-01,True,Inactive Alert
3583,1491,Savings,75258,2021-02-28,True,2024-09-17,True,Inactive Alert
3584,4700,Savings,64163,2023-11-30,True,2024-08-31,True,Inactive Alert
3592,3971,Checking,65815,2023-06-30,True,2023-10-31,True,Inactive Alert
3603,2133,Savings,75028,2020-06-19,True,2024-09-18,True,Inactive Alert
3605,1420,Business,62661,2023-05-21,True,2024-11-01,True,Inactive Alert
3607,4238,Business,59270,2023-06-01,True,2023-10-02,True,Inactive Alert
3608,3051,Business,54742,2022-01-09,True,2023-08-24,True,Inactive Alert
3610,3508,Checking,84395,2025-02-27,True,2024-11-10,True,Inactive Alert
3612,4215,Checking,72634,2016-07-04,True,2024-01-12,True,Inactive Alert
3616,4,Business,52596,2020-03-24,True,2024-03-26,True,Inactive Alert
3618,4630,Checking,97193,2020-05-11,True,,True,Inactive Alert
3625,4942,Business,98739,2019-03-28,True,2024-03-28,True,Inactive Alert
3628,1414,Business,59337,2023-02-08,True,2022-09-21,True,Inactive Alert
3629,3934,Checking,96544,2018-03-08,True,2022-10-17,True,Inactive Alert
3633,1182,Business,53649,2016-01-26,True,2022-12-17,True,Inactive Alert
3639,993,Business,54313,2023-04-20,True,2024-07-30,True,Inactive Alert
3640,4524,Checking,94040,2018-09-19,True,2024-09-01,True,Inactive Alert
3643,3332,Checking,67580,2016-11-15,True,2023-10-27,True,Inactive Alert
3648,3730,Checking,54572,2017-08-22,True,2024-06-02,True,Inactive Alert
3650,3299,Checking,64413,2015-11-12,True,2024-10-06,True,Inactive Alert
3657,2463,Checking,89710,2023-07-01,True,,True,Inactive Alert
3659,2684,Checking,95066,2019-01-07,True,2024-10-30,True,Inactive Alert
3661,3632,Business,89879,2018-10-03,True,2024-08-24,True,Inactive Alert
3668,38,Business,94610,2024-10-02,True,2024-06-02,True,Inactive Alert
3672,3278,Savings,76837,2021-10-11,True,2024-07-31,True,Inactive Alert
3677,4311,Savings,68642,2020-12-30,True,2023-11-14,True,Inactive Alert
3680,2424,Savings,68793,2025-03-30,True,2024-08-09,True,Inactive Alert
3683,3244,Checking,92786,2017-01-06,True,2023-10-29,True,Inactive Alert
3689,199,Checking,67448,2021-12-22,True,2024-05-29,True,Inactive Alert
3691,1245,Business,55026,2015-07-20,True,2023-11-05,True,Inactive Alert
3694,626,Checking,54285,2019-01-21,True,2022-11-10,True,Inactive Alert
3696,1188,Business,89491,2020-07-28,True,2022-08-21,True,Inactive Alert
3699,2834,Savings,90933,2019-08-08,True,2023-06-03,True,Inactive Alert
3705,829,Business,85892,2018-04-23,True,2024-02-16,True,Inactive Alert
3713,361,Checking,76223,2017-11-25,True,2024-09-08,True,Inactive Alert
3714,1418,Checking,92184,2023-10-06,True,2024-05-21,True,Inactive Alert
3721,253,Savings,68281,2015-09-14,True,2024-07-05,True,Inactive Alert
3722,781,Checking,99968,2024-12-02,True,2023-03-14,True,Inactive Alert
3729,3323,Savings,69690,2025-04-13,True,2024-06-22,True,Inactive Alert
3746,2617,Checking,56161,2016-06-12,True,,True,Inactive Alert
3748,2691,Checking,72009,2017-10-13,True,2024-08-30,True,Inactive Alert
3749,737,Business,65913,2018-01-15,True,2024-05-06,True,Inactive Alert
3750,2745,Savings,78796,2017-03-02,True,2024-10-26,True,Inactive Alert
3756,4624,Business,71105,2020-11-05,True,2024-06-08,True,Inactive Alert
3760,2730,Checking,80336,2024-02-23,True,2023-05-06,True,Inactive Alert
3762,220,Business,95449,2020-07-24,True,2023-02-25,True,Inactive Alert
3767,2576,Savings,56974,2025-05-05,True,2024-11-12,True,Inactive Alert
3773,2292,Checking,75189,2024-09-22,True,2024-04-29,True,Inactive Alert
3778,2464,Checking,61063,2017-02-05,True,2023-09-22,True,Inactive Alert
3783,1286,Savings,64541,2015-12-21,True,2023-10-18,True,Inactive Alert
3796,2300,Savings,67132,2023-09-06,True,2023-09-12,True,Inactive Alert
3797,4744,Business,95633,2016-10-02,True,2024-09-04,True,Inactive Alert
3804,2746,Savings,58209,2025-05-01,True,2024-05-13,True,Inactive Alert
3809,531,Savings,95956,2023-01-22,True,2023-10-13,True,Inactive Alert
3812,3823,Business,80890,2023-08-10,True,2024-08-06,True,Inactive Alert
3814,1633,Savings,76170,2023-01-24,True,2024-08-30,True,Inactive Alert
3817,4763,Business,62212,2017-09-14,True,2023-11-12,True,Inactive Alert
3821,4728,Savings,61852,2023-07-21,True,2024-05-22,True,Inactive Alert
3822,4071,Checking,97309,2023-02-10,True,2024-11-10,True,Inactive Alert
3833,4932,Business,96675,2019-09-07,True,2024-03-20,True,Inactive Alert
3836,1566,Business,82031,2018-05-15,True,2024-10-18,True,Inactive Alert
3838,4656,Business,99304,2021-03-03,True,,True,Inactive Alert
3843,3949,Checking,64399,2020-06-25,True,2024-04-10,True,Inactive Alert
3858,3680,Checking,57998,2018-05-29,True,2023-12-11,True,Inactive Alert
3873,2630,Business,52774,2017-05-07,True,2023-05-22,True,Inactive Alert
3876,4682,Business,54616,2024-07-26,True,2024-10-22,True,Inactive Alert
3886,1163,Checking,74720,2022-08-23,True,2024-07-25,True,Inactive Alert
3890,2435,Business,91358,2018-05-17,True,2024-08-18,True,Inactive Alert
3896,590,Checking,96401,2015-09-07,True,2023-05-07,True,Inactive Alert
3898,3379,Business,56066,2015-10-25,True,2024-09-15,True,Inactive Alert
3900,3885,Checking,82783,2016-09-07,True,,True,Inactive Alert
3906,4308,Checking,89497,2020-12-02,True,2024-01-22,True,Inactive Alert
3909,1472,Savings,88745,2022-08-29,True,2023-12-14,True,Inactive Alert
3912,4271,Checking,74450,2022-11-27,True,2024-01-23,True,Inactive Alert
3920,1867,Checking,70841,2017-11-14,True,2023-07-14,True,Inactive Alert
3922,203,Checking,64722,2024-09-15,True,2023-04-06,True,Inactive Alert
3927,3923,Business,70899,2023-09-15,True,2024-06-11,True,Inactive Alert
3928,4418,Business,83918,2020-02-20,True,2023-01-08,True,Inactive Alert
3931,3128,Checking,70805,2016-03-08,True,2024-11-07,True,Inactive Alert
3933,4607,Business,50353,2023-04-19,True,2024-11-18,True,Inactive Alert
3936,2261,Savings,85163,2019-06-22,True,2023-11-02,True,Inactive Alert
3937,421,Checking,98992,2018-10-14,True,2023-08-19,True,Inactive Alert
3943,3173,Business,61515,2018-01-14,True,2024-10-02,True,Inactive Alert
3953,2738,Savings,67463,2017-02-02,True,2024-10-30,True,Inactive Alert
3956,2252,Checking,58465,2016-09-26,True,2024-01-26,True,Inactive Alert
3958,348,Savings,96537,2022-04-17,True,2024-10-29,True,Inactive Alert
3959,637,Business,58557,2017-03-06,True,2024-08-02,True,Inactive Alert
3962,3490,Business,68460,2016-05-06,True,2023-03-11,True,Inactive Alert
3968,1956,Business,95732,2021-09-08,True,2024-11-09,True,Inactive Alert
3971,4164,Savings,97754,2019-07-01,True,2024-05-15,True,Inactive Alert
3973,4725,Checking,95257,2020-04-20,True,2022-10-20,True,Inactive Alert
3977,3960,Savings,61478,2021-08-15,True,2024-08-05,True,Inactive Alert
3985,4392,Checking,97074,2016-02-09,True,2024-01-19,True,Inactive Alert
3988,1201,Checking,69463,2020-12-08,True,2024-09-06,True,Inactive Alert
3990,4951,Business,84457,2023-12-10,True,2024-04-18,True,Inactive Alert
3994,2381,Business,91442,2021-09-08,True,2024-01-10,True,Inactive Alert
4000,417,Checking,94987,2021-11-19,True,2022-10-21,True,Inactive Alert
4001,3114,Checking,52804,2019-11-08,True,2024-08-24,True,Inactive Alert
4002,1012,Checking,59415,2024-04-01,True,2023-02-24,True,Inactive Alert
4004,2598,Business,95278,2019-08-01,True,2023-09-20,True,Inactive Alert
4008,96,Checking,90301,2020-12-14,True,2024-04-27,True,Inactive Alert
4014,121,Business,61407,2024-05-03,True,,True,Inactive Alert
4017,679,Business,96466,2024-09-09,True,2024-03-21,True,Inactive Alert
4021,2051,Business,55188,2018-08-03,True,2024-09-02,True,Inactive Alert
4027,4632,Checking,84845,2024-12-21,True,2024-02-18,True,Inactive Alert
4034,2469,Business,74070,2015-07-06,True,2023-12-30,True,Inactive Alert
4037,559,Savings,54766,2022-10-30,True,2024-05-10,True,Inactive Alert
4038,859,Checking,80997,2024-11-10,True,2024-10-22,True,Inactive Alert
4040,3208,Checking,91536,2015-12-02,True,2024-01-04,True,Inactive Alert
4046,3862,Savings,90289,2024-02-26,True,2024-05-08,True,Inactive Alert
4052,4760,Business,80921,2017-12-16,True,2024-04-02,True,Inactive Alert
4055,3260,Business,83535,2023-09-22,True,2024-08-23,True,Inactive Alert
4057,4112,Savings,70886,2016-11-05,True,2023-11-29,True,Inactive Alert
4063,494,Checking,99510,2023-03-18,True,2024-10-31,True,Inactive Alert
4064,1483,Savings,73828,2018-06-12,True,2024-07-17,True,Inactive Alert
4066,2065,Savings,64308,2024-07-08,True,2024-09-30,True,Inactive Alert
4070,3032,Checking,52957,2022-02-26,True,2024-07-08,True,Inactive Alert
4072,2703,Checking,91242,2021-06-25,True,2024-08-04,True,Inactive Alert
4073,3632,Business,84591,2024-08-06,True,2024-08-12,True,Inactive Alert
4074,4609,Business,89057,2017-08-19,True,2023-07-30,True,Inactive Alert
4075,4127,Savings,76551,2016-02-17,True,2022-07-15,True,Inactive Alert
4076,4207,Savings,81314,2017-11-06,True,2024-09-03,True,Inactive Alert
4085,2019,Checking,75452,2015-09-03,True,2024-07-31,True,Inactive Alert
4092,2343,Savings,74911,2024-09-25,True,2024-11-19,True,Inactive Alert
4095,4480,Checking,53999,2020-10-28,True,2023-05-17,True,Inactive Alert
4096,4621,Checking,50440,2016-01-31,True,2023-08-01,True,Inactive Alert
4099,2782,Business,92783,2019-03-25,True,2024-05-07,True,Inactive Alert
4105,3594,Checking,90367,2022-09-30,True,2024-06-20,True,Inactive Alert
4107,3233,Checking,80197,2025-01-08,True,2023-10-29,True,Inactive Alert
4110,1884,Business,72402,2016-08-21,True,2023-02-27,True,Inactive Alert
4112,1963,Business,77859,2022-05-11,True,2024-08-10,True,Inactive Alert
4113,3890,Checking,63441,2023-05-07,True,2024-10-14,True,Inactive Alert
4114,3490,Savings,65963,2015-10-16,True,2024-10-26,True,Inactive Alert
4115,3531,Business,75739,2016-02-06,True,2024-02-25,True,Inactive Alert
4117,4155,Savings,76534,2021-08-21,True,2023-08-29,True,Inactive Alert
4121,4457,Business,54830,2025-01-14,True,2024-11-03,True,Inactive Alert
4122,2118,Savings,59306,2018-08-07,True,2024-02-05,True,Inactive Alert
4127,1229,Savings,86464,2017-05-31,True,2024-10-22,True,Inactive Alert
4128,871,Checking,92068,2022-12-20,True,2024-06-23,True,Inactive Alert
4132,3455,Checking,63677,2025-02-05,True,2024-09-20,True,Inactive Alert
4135,873,Business,70135,2024-11-13,True,2024-02-12,True,Inactive Alert
4141,1426,Checking,86450,2018-08-03,True,2024-01-02,True,Inactive Alert
4142,4865,Business,55557,2022-03-15,True,2024-11-08,True,Inactive Alert
4143,3237,Checking,95146,2019-11-17,True,2024-09-02,True,Inactive Alert
4145,128,Checking,92741,2022-03-15,True,2024-11-22,True,Inactive Alert
4146,2833,Business,63885,2016-01-02,True,2024-08-04,True,Inactive Alert
4147,1074,Savings,96819,2016-09-18,True,2023-10-21,True,Inactive Alert
4150,1121,Business,56879,2021-08-10,True,2024-04-10,True,Inactive Alert
4153,3797,Savings,89961,2018-04-27,True,2024-09-16,True,Inactive Alert
4154,4418,Savings,76774,2017-01-06,True,2024-10-29,True,Inactive Alert
4156,3956,Savings,57803,2020-10-17,True,2024-10-23,True,Inactive Alert
4169,3537,Business,88128,2019-07-26,True,2023-09-30,True,Inactive Alert
4174,3765,Checking,54499,2020-07-10,True,2023-11-30,True,Inactive Alert
4188,1817,Savings,97494,2017-05-23,True,2023-08-08,True,Inactive Alert
4192,4433,Checking,54247,2016-05-11,True,2024-03-20,True,Inactive Alert
4201,2613,Savings,95380,2021-12-10,True,2023-10-22,True,Inactive Alert
4206,3283,Business,91830,2020-06-29,True,2024-06-03,True,Inactive Alert
4211,2026,Checking,76240,2021-02-27,True,2024-08-03,True,Inactive Alert
4215,1414,Checking,74390,2019-07-27,True,2024-07-30,True,Inactive Alert
4216,14,Checking,77665,2021-12-12,True,2024-08-12,True,Inactive Alert
4220,2097,Checking,71284,2023-07-10,True,2023-01-28,True,Inactive Alert
4224,1124,Checking,86717,2018-08-22,True,2024-11-18,True,Inactive Alert
4227,2990,Savings,57049,2021-07-01,True,2024-08-11,True,Inactive Alert
4229,1982,Checking,79383,2024-05-21,True,2023-12-14,True,Inactive Alert
4231,4599,Checking,52214,2023-01-02,True,2023-05-16,True,Inactive Alert
4233,2275,Savings,78390,2023-11-20,True,2023-08-14,True,Inactive Alert
4234,1594,Checking,55420,2019-01-15,True,2024-02-13,True,Inactive Alert
4235,4933,Savings,90302,2019-06-06,True,2023-08-14,True,Inactive Alert
4236,3606,Checking,54252,2020-12-02,True,2024-06-27,True,Inactive Alert
4238,2064,Savings,85953,2022-09-28,True,2024-10-26,True,Inactive Alert
4240,959,Savings,82391,2025-04-30,True,2023-08-28,True,Inactive Alert
4243,499,Checking,56063,2016-07-05,True,2024-10-10,True,Inactive Alert
4244,3387,Savings,66687,2025-04-02,True,2022-12-12,True,Inactive Alert
4251,3648,Business,52854,2017-12-25,True,2024-10-07,True,Inactive Alert
4252,3915,Business,90038,2025-02-23,True,2024-03-15,True,Inactive Alert
4254,2511,Savings,69941,2022-09-20,True,2024-11-17,True,Inactive Alert
4255,2455,Savings,85548,2022-08-19,True,2024-02-14,True,Inactive Alert
4258,4934,Business,68145,2016-04-20,True,2023-12-16,True,Inactive Alert
4263,49,Savings,65750,2021-09-30,True,2023-09-11,True,Inactive Alert
4268,476,Business,80937,2022-10-27,True,2024-07-08,True,Inactive Alert
4274,2247,Savings,83613,2017-07-21,True,2024-10-16,True,Inactive Alert
4275,194,Business,97277,2023-02-09,True,2024-11-22,True,Inactive Alert
4276,1064,Checking,71427,2016-04-15,True,2023-06-20,True,Inactive Alert
4282,2458,Savings,87839,2017-04-06,True,2023-11-13,True,Inactive Alert
4285,785,Savings,93065,2016-08-29,True,2024-03-23,True,Inactive Alert
4286,16,Checking,69506,2022-08-10,True,2024-11-21,True,Inactive Alert
4288,3692,Checking,89036,2015-09-15,True,2024-10-01,True,Inactive Alert
4295,3659,Savings,73932,2024-10-24,True,2024-05-07,True,Inactive Alert
4296,2966,Business,64417,2019-05-19,True,2024-06-04,True,Inactive Alert
4298,1572,Business,63558,2016-04-27,True,2024-10-09,True,Inactive Alert
4303,3129,Checking,82298,2022-10-19,True,2023-12-04,True,Inactive Alert
4305,3131,Checking,94855,2021-03-29,True,2023-07-16,True,Inactive Alert
4312,2745,Business,58861,2022-05-05,True,2023-05-24,True,Inactive Alert
4321,2894,Business,98310,2016-08-20,True,2024-09-29,True,Inactive Alert
4322,801,Checking,65913,2019-09-10,True,2023-02-15,True,Inactive Alert
4326,838,Savings,84645,2015-12-10,True,2024-07-17,True,Inactive Alert
4332,1892,Savings,65590,2020-09-05,True,2024-08-11,True,Inactive Alert
4333,3577,Business,68190,2020-09-05,True,2024-02-15,True,Inactive Alert
4335,2295,Business,60309,2017-01-15,True,2024-09-04,True,Inactive Alert
4336,565,Business,96998,2017-05-17,True,2024-04-26,True,Inactive Alert
4337,2075,Business,64826,2021-04-10,True,2023-08-30,True,Inactive Alert
4338,4933,Checking,71443,2023-08-10,True,2024-10-17,True,Inactive Alert
4339,2336,Business,51377,2021-07-09,True,2023-12-16,True,Inactive Alert
4341,395,Savings,88112,2015-07-31,True,2023-02-12,True,Inactive Alert
4343,2073,Savings,63157,2017-06-12,True,2024-10-12,True,Inactive Alert
4350,1202,Checking,55523,2023-10-21,True,2024-03-16,True,Inactive Alert
4360,4804,Checking,54697,2020-02-17,True,2024-05-12,True,Inactive Alert
4363,4805,Savings,58654,2017-05-28,True,2022-07-04,True,Inactive Alert
4364,794,Savings,53115,2021-02-02,True,2024-09-06,True,Inactive Alert
4367,1249,Business,74898,2022-09-08,True,2024-08-26,True,Inactive Alert
4373,2176,Savings,70665,2016-05-03,True,2023-11-09,True,Inactive Alert
4380,4443,Savings,79439,2016-10-14,True,2024-06-27,True,Inactive Alert
4382,2123,Business,97212,2021-03-14,True,2024-02-19,True,Inactive Alert
4384,2602,Checking,95403,2019-02-28,True,2024-02-08,True,Inactive Alert
4406,636,Checking,63120,2018-07-18,True,2024-08-29,True,Inactive Alert
4414,831,Business,62631,2019-04-25,True,2024-07-04,True,Inactive Alert
4416,2589,Checking,88519,2021-05-18,True,2023-11-24,True,Inactive Alert
4417,3820,Business,57376,2022-10-19,True,2023-12-17,True,Inactive Alert
4418,4850,Savings,61551,2016-05-18,True,2024-06-16,True,Inactive Alert
4430,1508,Business,65423,2019-03-09,True,2023-09-03,True,Inactive Alert
4431,3625,Checking,78856,2019-08-14,True,2023-12-30,True,Inactive Alert
4442,2664,Checking,89632,2024-07-07,True,2023-11-30,True,Inactive Alert
4444,4052,Savings,52653,2023-12-30,True,2024-07-19,True,Inactive Alert
4450,3167,Savings,86651,2022-11-08,True,2024-05-26,True,Inactive Alert
4457,1347,Savings,94747,2021-06-04,True,2024-10-28,True,Inactive Alert
4460,685,Checking,70567,2021-09-07,True,2024-11-19,True,Inactive Alert
4465,4010,Business,85798,2019-07-12,True,2024-07-28,True,Inactive Alert
4466,3080,Savings,74475,2022-03-13,True,2024-03-31,True,Inactive Alert
4468,4991,Business,96596,2016-08-26,True,2023-12-21,True,Inactive Alert
4491,1204,Savings,98512,2019-07-25,True,2024-09-23,True,Inactive Alert
4495,3746,Business,66738,2022-12-29,True,2024-03-14,True,Inactive Alert
4499,1975,Savings,65498,2021-11-08,True,2024-01-17,True,Inactive Alert
4501,4071,Business,85568,2021-04-14,True,2024-09-03,True,Inactive Alert
4519,183,Business,60535,2020-10-15,True,2023-06-25,True,Inactive Alert
4522,81,Savings,50108,2016-06-18,True,2024-04-13,True,Inactive Alert
4523,433,Business,95984,2015-11-25,True,2023-01-16,True,Inactive Alert
4530,2099,Savings,68654,2023-05-01,True,2024-11-21,True,Inactive Alert
4533,1090,Business,96127,2022-07-09,True,2024-05-23,True,Inactive Alert
4535,3003,Business,67642,2016-04-09,True,2024-10-01,True,Inactive Alert
4544,4119,Business,71443,2019-01-05,True,2022-10-17,True,Inactive Alert
4549,252,Savings,59228,2018-03-08,True,2024-11-09,True,Inactive Alert
4553,4082,Checking,76485,2015-09-02,True,2024-02-22,True,Inactive Alert
4559,824,Savings,97829,2015-12-13,True,2024-06-18,True,Inactive Alert
4568,3456,Business,98083,2015-10-20,True,2023-02-17,True,Inactive Alert
4569,4965,Savings,90448,2022-01-06,True,2024-06-07,True,Inactive Alert
4576,3414,Checking,53190,2023-04-08,True,2024-11-14,True,Inactive Alert
4581,661,Savings,85977,2024-04-23,True,2024-07-21,True,Inactive Alert
4583,719,Business,92331,2016-01-18,True,2024-10-30,True,Inactive Alert
4584,406,Business,94368,2023-03-09,True,2024-09-12,True,Inactive Alert
4586,2575,Business,63923,2018-09-30,True,2024-10-02,True,Inactive Alert
4587,1543,Checking,81591,2016-12-28,True,2024-01-26,True,Inactive Alert
4588,3091,Business,56219,2016-10-11,True,2023-11-25,True,Inactive Alert
4592,1925,Business,98071,2023-10-08,True,2024-05-09,True,Inactive Alert
4593,745,Business,75703,2022-10-17,True,2023-09-12,True,Inactive Alert
4601,800,Business,92033,2017-03-22,True,2024-08-12,True,Inactive Alert
4605,4805,Savings,77099,2019-07-12,True,2024-09-28,True,Inactive Alert
4611,4950,Business,99874,2017-03-17,True,2023-01-22,True,Inactive Alert
4612,4089,Business,52173,2023-04-09,True,2024-05-27,True,Inactive Alert
4618,1781,Business,70489,2022-07-09,True,2024-03-25,True,Inactive Alert
4619,3367,Checking,81523,2022-08-16,True,2024-06-15,True,Inactive Alert
4623,1320,Savings,53432,2025-01-15,True,2024-07-05,True,Inactive Alert
4640,4388,Business,70919,2015-08-27,True,2024-09-07,True,Inactive Alert
4642,503,Checking,59406,2021-09-17,True,2024-09-24,True,Inactive Alert
4648,2190,Checking,66977,2024-08-01,True,2023-05-30,True,Inactive Alert
4654,4653,Checking,52692,2016-01-01,True,2024-08-07,True,Inactive Alert
4657,3851,Business,99101,2017-07-29,True,2024-07-01,True,Inactive Alert
4658,748,Savings,67954,2019-10-31,True,2024-01-17,True,Inactive Alert
4663,1457,Checking,86047,2018-01-28,True,2023-05-25,True,Inactive Alert
4666,398,Savings,51249,2024-05-24,True,2024-10-15,True,Inactive Alert
4676,971,Savings,89832,2024-08-30,True,2023-08-05,True,Inactive Alert
4678,3435,Savings,62938,2019-09-30,True,2023-11-15,True,Inactive Alert
4679,2223,Checking,94564,2024-10-23,True,2024-03-25,True,Inactive Alert
4680,3003,Savings,54974,2024-07-24,True,2024-03-22,True,Inactive Alert
4683,1563,Checking,75254,2019-11-03,True,2023-11-14,True,Inactive Alert
4689,4544,Business,72775,2022-10-15,True,2024-08-27,True,Inactive Alert
4690,1570,Business,74844,2022-05-13,True,2024-10-23,True,Inactive Alert
4692,859,Business,71627,2017-11-30,True,2023-08-04,True,Inactive Alert
4694,3066,Checking,85533,2021-06-07,True,2023-02-28,True,Inactive Alert
4696,3321,Business,79824,2019-04-08,True,2024-06-05,True,Inactive Alert
4701,2906,Savings,93079,2022-04-27,True,2024-07-20,True,Inactive Alert
4710,2470,Business,52522,2023-05-29,True,2024-10-20,True,Inactive Alert
4711,1417,Checking,50441,2015-06-26,True,2024-11-19,True,Inactive Alert
4714,2290,Checking,62500,2017-11-13,True,2024-07-31,True,Inactive Alert
4716,3333,Business,52348,2020-04-07,True,2022-12-29,True,Inactive Alert
4718,2978,Checking,76351,2017-11-26,True,2024-07-24,True,Inactive Alert
4724,119,Business,93272,2019-03-31,True,2024-08-12,True,Inactive Alert
4730,4233,Business,70822,2018-03-05,True,2024-10-22,True,Inactive Alert
4733,2984,Business,87859,2024-08-02,True,2024-02-03,True,Inactive Alert
4734,22,Checking,90838,2015-06-03,True,2024-07-18,True,Inactive Alert
4737,2487,Savings,85027,2024-10-04,True,2024-11-21,True,Inactive Alert
4739,1505,Savings,83431,2020-03-12,True,2024-07-17,True,Inactive Alert
4747,3448,Checking,65634,2017-04-10,True,,True,Inactive Alert
4748,968,Savings,74516,2019-08-15,True,2024-06-09,True,Inactive Alert
4749,3331,Checking,55633,2021-11-01,True,2024-10-29,True,Inactive Alert
4751,3040,Savings,99042,2023-04-13,True,2023-06-07,True,Inactive Alert
4752,3926,Business,69636,2020-09-28,True,2022-11-30,True,Inactive Alert
4753,3134,Savings,69188,2018-04-17,True,2023-08-23,True,Inactive Alert
4761,2268,Checking,79117,2019-11-24,True,2023-12-31,True,Inactive Alert
4765,1052,Checking,74042,2017-01-01,True,2023-10-20,True,Inactive Alert
4772,1888,Checking,82325,2024-07-09,True,2023-05-02,True,Inactive Alert
4782,2197,Savings,72714,2021-10-29,True,2024-08-08,True,Inactive Alert
4786,1150,Checking,89072,2018-07-31,True,2023-09-09,True,Inactive Alert
4787,1400,Business,50373,2023-03-03,True,2024-07-23,True,Inactive Alert
4789,4345,Savings,82818,2019-02-26,True,,True,Inactive Alert
4792,3137,Business,96567,2023-06-19,True,2024-01-03,True,Inactive Alert
4793,2748,Checking,53275,2022-01-23,True,2024-05-06,True,Inactive Alert
4798,4611,Checking,55825,2023-05-16,True,2024-07-10,True,Inactive Alert
4802,1927,Business,58114,2023-03-07,True,2024-11-17,True,Inactive Alert
4804,21,Business,99269,2021-12-21,True,2024-05-13,True,Inactive Alert
4806,1928,Checking,83984,2024-02-17,True,2023-05-01,True,Inactive Alert
4807,529,Savings,61027,2018-05-19,True,2024-10-03,True,Inactive Alert
4808,3194,Business,68406,2022-06-16,True,2024-08-20,True,Inactive Alert
4809,4705,Savings,80283,2017-01-29,True,2024-02-24,True,Inactive Alert
4811,2147,Business,76013,2015-08-25,True,2024-10-20,True,Inactive Alert
4813,2379,Checking,68022,2023-04-30,True,2024-02-11,True,Inactive Alert
4814,3697,Savings,59852,2021-04-30,True,2024-11-05,True,Inactive Alert
4816,1997,Business,86242,2024-04-28,True,2024-10-11,True,Inactive Alert
4817,1203,Savings,97525,2021-03-10,True,2023-05-11,True,Inactive Alert
4820,2027,Checking,86791,2019-08-25,True,2024-07-13,True,Inactive Alert
4823,2023,Business,63250,2023-03-14,True,2024-05-23,True,Inactive Alert
4825,3660,Checking,99155,2022-10-05,True,2024-03-27,True,Inactive Alert
4833,1896,Business,52140,2021-12-10,True,2024-09-30,True,Inactive Alert
4836,1465,Business,81101,2018-10-21,True,2024-11-04,True,Inactive Alert
4837,4950,Business,67751,2021-04-17,True,2024-03-12,True,Inactive Alert
4838,350,Checking,53799,2019-10-12,True,2024-07-21,True,Inactive Alert
4842,3206,Savings,59856,2021-12-13,True,2023-10-31,True,Inactive Alert
4851,1995,Business,89668,2015-12-20,True,2024-04-20,True,Inactive Alert
4854,2376,Business,85708,2023-01-09,True,2024-10-16,True,Inactive Alert
4861,4745,Business,91147,2024-09-21,True,2024-06-20,True,Inactive Alert
4865,473,Business,56071,2023-06-27,True,2024-11-13,True,Inactive Alert
4868,2295,Savings,78698,2022-09-21,True,2023-08-07,True,Inactive Alert
4870,2203,Business,54638,2023-03-11,True,2023-12-04,True,Inactive Alert
4872,2206,Business,51347,2016-01-11,True,2024-08-25,True,Inactive Alert
4873,1645,Business,97211,2017-01-09,True,2024-02-01,True,Inactive Alert
4877,2557,Business,69828,2023-03-04,True,2024-10-13,True,Inactive Alert
4882,3141,Savings,90974,2017-02-05,True,2024-10-08,True,Inactive Alert
4887,2363,Business,75080,2021-07-18,True,2023-11-14,True,Inactive Alert
4891,4855,Business,58419,2023-02-09,True,2024-03-09,True,Inactive Alert
4894,1111,Business,60255,2017-03-06,True,2022-06-28,True,Inactive Alert
4899,1303,Business,78461,2025-02-08,True,2024-08-07,True,Inactive Alert
4900,1355,Business,53890,2020-08-17,True,2023-11-20,True,Inactive Alert
4901,2976,Savings,53971,2023-11-19,True,2023-07-13,True,Inactive Alert
4902,3069,Business,56254,2017-05-12,True,2024-06-29,True,Inactive Alert
4906,4756,Savings,61578,2018-02-10,True,2024-11-16,True,Inactive Alert
4910,947,Savings,99336,2018-01-20,True,2023-11-27,True,Inactive Alert
4914,3620,Savings,59212,2018-08-12,True,2024-10-23,True,Inactive Alert
4915,3175,Checking,77650,2015-10-23,True,2024-04-17,True,Inactive Alert
4921,3437,Business,59695,2016-12-21,True,2024-04-23,True,Inactive Alert
4924,2361,Savings,88176,2019-11-08,True,2023-12-20,True,Inactive Alert
4925,4731,Business,71413,2020-10-20,True,2023-10-26,True,Inactive Alert
4926,3681,Business,56694,2021-06-08,True,2024-06-03,True,Inactive Alert
4929,2282,Checking,67529,2023-01-03,True,2023-12-02,True,Inactive Alert
4937,3042,Checking,88953,2016-06-14,True,2024-09-16,True,Inactive Alert
4940,469,Business,71839,2021-10-29,True,2024-07-10,True,Inactive Alert
4943,2227,Checking,53366,2023-03-25,True,2024-07-30,True,Inactive Alert
4946,990,Business,51230,2021-06-13,True,2024-04-13,True,Inactive Alert
4948,2024,Business,51941,2018-07-05,True,2023-07-25,True,Inactive Alert
4959,3947,Business,66203,2020-06-22,True,2023-05-05,True,Inactive Alert
4961,3839,Checking,51274,2019-11-06,True,2024-09-14,True,Inactive Alert
4962,671,Savings,69092,2024-03-17,True,2022-07-12,True,Inactive Alert
4965,1093,Checking,95999,2020-09-28,True,2024-08-23,True,Inactive Alert
4970,3991,Business,72406,2020-06-25,True,2023-04-23,True,Inactive Alert
4975,2780,Checking,50654,2017-11-05,True,2024-02-21,True,Inactive Alert
4976,3045,Checking,98235,2024-01-04,True,2024-08-27,True,Inactive Alert
4977,95,Checking,71399,2016-02-07,True,2023-06-15,True,Inactive Alert
4981,2001,Business,55486,2016-02-11,True,,True,Inactive Alert
4983,4276,Savings,97329,2020-12-13,True,2024-09-28,True,Inactive Alert
4984,378,Savings,58759,2019-12-16,True,2024-03-24,True,Inactive Alert
4986,2874,Business,87961,2022-04-25,True,2022-12-17,True,Inactive Alert
4992,4197,Checking,60932,2024-07-25,True,2024-08-12,True,Inactive Alert
4997,4655,Checking,81782,2017-11-21,True,2024-10-27,True,Inactive Alert
4998,4952,Savings,82938,2025-02-19,True,2023-05-14,True,Inactive Alert
4999,4409,Business,85462,2024-07-19,True,2024-06-01,True,Inactive Alert
